{
  "welcomeFile": "webapp/index.html",
  "authenticationMethod": "saml",
  "headerWhiteList": [
    "x-arteria-loginid",
    "SLUG"
  ],
  "routes": [
    {
      "path": "/sap/bc/ui5_ui5/ARTEC/FLPPLUGIN/",
      "target": {
        "type": "destination",
        "name": "flp_plugin"
      },
      "description": "FLP Plugin HTML5 App"
    },
    {
      "path": "/sap/opu/odata/ARTEC/PCGWHANA/",
      "target": {
        "type": "destination",
        "name": "PCGWHANA"
      },
      "description": "Common Functionality"
    },
    {
      "path": "/sap/opu/odata/ARTEC/CUBESDOCS/",
      "target": {
        "type": "destination",
        "name": "CUBESDOCS"
      },
      "description": "CUBESDOCS"
    },
    {
      "path": "/sap/opu/odata/ARTEC/ProcessDocument/",
      "target": {
        "type": "destination",
        "name": "ProcessDocument"
      },
      "description": "payment gateway"
    },
    {
      "path": "/services/ProcessDocument/",
      "target": {
        "type": "destination",
        "name": "ProcessDocument"
      },
      "description": ""
    },
    {
      "path": "/sap/opu/odata/ARTEC/PUGW_UTILS/",
      "target": {
        "type": "destination",
        "name": "pugw_utils"
      },
      "description": "login id servlet"
    },
    {
      "path": "/sap/opu/odata/ARTEC/PCGW_UTILS/",
      "target": {
        "type": "destination",
        "name": "pcgw_utils"
      },
      "description": "Common Servlet File"
    },
    {
      "path": "/sap/bc/ui5_ui5/ARTEC/PPCUTIL/",
      "target": {
        "type": "destination",
        "name": "ppcutil"
      },
      "description": "Common utils files(js, css & i18n)"
    },
    {
      "path": "/sap/bc/ui5_ui5/ARTEC/SSUTIL/",
      "target": {
        "type": "destination",
        "name": "ssutil"
      },
      "description": "SS Common utils files(js & i18n)"
    },
    {
      "path": "webapp/resources",
      "target": {
        "type": "service",
        "name": "sapui5",
        "entryPath": "/resources"
      },
      "description": "SAPUI5 Resources"
    },
    {
      "path": "webapp/test-resources",
      "target": {
        "type": "service",
        "name": "sapui5",
        "entryPath": "/test-resources"
      },
      "description": "SAPUI5 Test Resources"
    },
    {
      "path": "/resources",
      "target": {
        "type": "service",
        "name": "sapui5",
        "entryPath": "/resources"
      },
      "description": "SAPUI5 Resources"
    },
    {
      "path": "/test-resources",
      "target": {
        "type": "service",
        "name": "sapui5",
        "entryPath": "/test-resources"
      },
      "description": "SAPUI5 Test Resources"
    }
  ],
  "sendWelcomeFileRedirect": true,
  "securityConstraints": [
    {
      "permission": "AccessApp",
      "description": "Access Application: sscp",
      "protectedPaths": [
        "/"
      ]
    },
    {
      "permission": "AccessApplicationDescriptor",
      "description": "Access application descriptor",
      "protectedPaths": [
        "/neo-app.json"
      ]
    }
  ],
  "cacheControl": []
}