{
    "resources": [
        {
            "name": "Component.js"
        },
        {
            "name": "controller/DocumentUpload.controller.js"
        },
        {
            "name": "controller/ErrorLog.controller.js"
        },
        {
            "name": "controller/List.controller.js"
        },
        {
            "name": "controller/Main.controller.js"
        },
        {
            "name": "controller/SurveyUploadList.controller.js"
        },
        {
            "name": "controller/SurveyUploadReview.controller.js"
        },
        {
            "name": "css/style.css"
        },
        {
            "name": "csv/SurveyGeoUpload.xlsx"
        },
        {
            "name": "csv/SurveyQuestionOptionUpload.xlsx"
        },
        {
            "name": "csv/SurveyQuestionUpload.xlsx"
        },
        {
            "name": "csv/SurveyUpload.xlsx"
        },
        {
            "name": "i18n/i18n.properties",
            "raw": "i18n/i18n.properties"
        },
        {
            "name": "i18n/i18n_en.properties",
            "raw": "i18n/i18n.properties",
            "locale": "_en"
        },
        {
            "name": "i18n/i18n_en_US.properties",
            "raw": "i18n/i18n.properties",
            "locale": "_en_US"
        },
        {
            "name": "index.html"
        },
        {
            "name": "manifest.json"
        },
        {
            "name": "model/models.js"
        },
        {
            "name": "util/XLSX.js"
        },
        {
            "name": "util/jszip.js"
        },
        {
            "name": "view/DocumentUpload.view.xml"
        },
        {
            "name": "view/ErrorLog.view.xml"
        },
        {
            "name": "view/List.view.xml"
        },
        {
            "name": "view/Main.view.xml"
        },
        {
            "name": "view/SurveyUploadList.view.xml"
        },
        {
            "name": "view/SurveyUploadReview.view.xml"
        }
    ]
}