{
  "Component-dbg.js": 1709636836179,
  "Component-preload.js": 1709636836599,
  "Component.js": 1709629532000,
  "controller/DocumentUpload-dbg.controller.js": 1709636836179,
  "controller/DocumentUpload.controller.js": 1709629532000,
  "controller/ErrorLog-dbg.controller.js": 1709636836179,
  "controller/ErrorLog.controller.js": 1709629532000,
  "controller/List-dbg.controller.js": 1709636836179,
  "controller/List.controller.js": 1709629532000,
  "controller/Main-dbg.controller.js": 1709636836179,
  "controller/Main.controller.js": 1709629532000,
  "controller/SurveyUploadList-dbg.controller.js": 1709636836179,
  "controller/SurveyUploadList.controller.js": 1709629532000,
  "controller/SurveyUploadReview-dbg.controller.js": 1709636836179,
  "controller/SurveyUploadReview.controller.js": 1709629532000,
  "css/style-dbg.css": 1709636836179,
  "css/style.css": 1709629532000,
  "csv/SurveyGeoUpload.xlsx": 1709629532000,
  "csv/SurveyQuestionOptionUpload.xlsx": 1709629532000,
  "csv/SurveyQuestionUpload.xlsx": 1709629532000,
  "csv/SurveyUpload.xlsx": 1709629532000,
  "di.code-validation.core_issues.json": 1709636823389,
  "i18n/i18n.properties": 1709629532000,
  "i18n/i18n_en.properties": 1709629532000,
  "i18n/i18n_en_US.properties": 1709629532000,
  "index.html": 1709629532000,
  "manifest-bundle.zip": 1709636836829,
  "manifest.json": 1709636823509,
  "model/models-dbg.js": 1709636836179,
  "model/models.js": 1709629532000,
  "neo-app.json": 1709636836669,
  "util/XLSX-dbg.js": 1709636836179,
  "util/XLSX.js": 1709629532000,
  "util/jszip-dbg.js": 1709636836179,
  "util/jszip.js": 1709629532000,
  "view/DocumentUpload.view.xml": 1709629532000,
  "view/ErrorLog.view.xml": 1709629532000,
  "view/List.view.xml": 1709629532000,
  "view/Main.view.xml": 1709629532000,
  "view/SurveyUploadList.view.xml": 1709629532000,
  "view/SurveyUploadReview.view.xml": 1709629532000
}