{
  "Component-dbg.js": 1728045279573,
  "Component-preload.js": 1728045279903,
  "Component.js": 1728034390000,
  "controller/BaseController-dbg.js": 1728045279573,
  "controller/BaseController.js": 1728034390000,
  "controller/DetailPage-dbg.controller.js": 1728045279583,
  "controller/DetailPage.controller.js": 1728034390000,
  "controller/DetailPageHeader-dbg.controller.js": 1728045279583,
  "controller/DetailPageHeader.controller.js": 1728034390000,
  "controller/DetailPageItems-dbg.controller.js": 1728045279583,
  "controller/DetailPageItems.controller.js": 1728034390000,
  "controller/DetailPageObjectHeader-dbg.controller.js": 1728045279583,
  "controller/DetailPageObjectHeader.controller.js": 1728034390000,
  "controller/ItemDetailPage-dbg.controller.js": 1728045279583,
  "controller/ItemDetailPage.controller.js": 1728034390000,
  "controller/List-dbg.controller.js": 1728045279583,
  "controller/List.controller.js": 1728034390000,
  "controller/ListPage-dbg.controller.js": 1728045279583,
  "controller/ListPage.controller.js": 1728034390000,
  "controller/Main-dbg.controller.js": 1728045279583,
  "controller/Main.controller.js": 1728034390000,
  "controller/MaterialDetails-dbg.controller.js": 1728045279583,
  "controller/MaterialDetails.controller.js": 1728034390000,
  "controller/NoMatching-dbg.controller.js": 1728045279593,
  "controller/NoMatching.controller.js": 1728034390000,
  "controller/NotFound-dbg.controller.js": 1728045279593,
  "controller/NotFound.controller.js": 1728034390000,
  "controller/ViewPage-dbg.controller.js": 1728045279593,
  "controller/ViewPage.controller.js": 1728034390000,
  "css/style-dbg.css": 1728045279593,
  "css/style.css": 1728034390000,
  "di.code-validation.core_issues.json": 1728045274513,
  "i18n/i18n.properties": 1728034390000,
  "i18n/i18n_de.properties": 1728034390000,
  "i18n/i18n_en.properties": 1728034390000,
  "i18n/i18n_en_IN.properties": 1728034390000,
  "i18n/i18n_en_US.properties": 1728034390000,
  "index.html": 1728034390000,
  "manifest-bundle.zip": 1728045280193,
  "manifest.json": 1728045274713,
  "neo-app.json": 1728045279983,
  "util/Dialog.fragment.xml": 1728034390000,
  "util/Formatter-dbg.js": 1728045279593,
  "util/Formatter.js": 1728034390000,
  "view/DetailPage.view.xml": 1728034390000,
  "view/DetailPageHeader.view.xml": 1728034390000,
  "view/DetailPageItems.view.xml": 1728034390000,
  "view/DetailPageObjectHeader.view.xml": 1728034390000,
  "view/ItemDetailPage.view.xml": 1728034390000,
  "view/List.view.xml": 1728034390000,
  "view/ListPage.view.xml": 1728034390000,
  "view/Main.view.xml": 1728034390000,
  "view/MaterialDetails.view.xml": 1728034390000,
  "view/NoMatching.view.xml": 1728034390000,
  "view/NotFound.view.xml": 1728034390000,
  "view/ViewPage.view.xml": 1728034390000
}