{
  "welcomeFile": "/index.html",
  "routes": [
    {
      "path": "/resources",
      "target": {
        "type": "service",
        "name": "sapui5",
        "entryPath": "/resources",
        "version": "1.60.40"
      },
      "description": "SAPUI5 Resources"
    },
    {
      "path": "/services/DataSource/",
      "target": {
        "type": "destination",
        "name": "DataSource"
      },
      "description": "DataSource"
    },
    {
      "path": "/services/paymentgateway/",
      "target": {
        "type": "destination",
        "name": "paymentgateway"
      },
      "description": "Peak Limit services"
    },
    {
      "path": "/sap/opu/odata/ARTEC/paymentgateway/",
      "target": {
        "type": "destination",
        "name": "paymentgateway"
      },
      "description": "payment gateway"
    },
    {
      "path": "/sap/opu/odata/ARTEC/PCGW_UTILS/",
      "target": {
        "type": "destination",
        "name": "pcgw_utils"
      },
      "description": "common servlet apps"
    },
    {
      "path": "/sap/opu/odata/ARTEC/PCGWHANA/",
      "target": {
        "type": "destination",
        "name": "PCGWHANA"
      },
      "description": "Common Type Set"
    },
    {
      "path": "/sap/opu/odata/ARTEC/PYGWHANA/",
      "target": {
        "type": "destination",
        "name": "PYGWHANA"
      },
      "description": "Common Type Set"
    },
    {
      "path": "/sap/bc/ui5_ui5/ARTEC/SSUTIL/",
      "target": {
        "type": "destination",
        "name": "ssutil"
      },
      "description": "SS Common utils files(js & i18n)"
    },
    {
      "path": "/sap/bc/ui5_ui5/ARTEC/PPCUTIL/",
      "target": {
        "type": "destination",
        "name": "ppcutil"
      },
      "description": "Common utils files(js, css & i18n)"
    },
    {
      "path": "/test-resources",
      "target": {
        "type": "service",
        "name": "sapui5",
        "entryPath": "/test-resources",
        "version": "1.60.40"
      },
      "description": "SAPUI5 Resources"
    },
    {
      "path": "/resources",
      "target": {
        "type": "service",
        "name": "sapui5",
        "entryPath": "/resources",
        "version": "1.60.40"
      },
      "description": "SAPUI5 Resources"
    },
    {
      "path": "/test-resources",
      "target": {
        "type": "service",
        "name": "sapui5",
        "entryPath": "/test-resources",
        "version": "1.60.40"
      },
      "description": "SAPUI5 Test Resources"
    }
  ],
  "sendWelcomeFileRedirect": true,
  "securityConstraints": [
    {
      "permission": "AccessApp",
      "description": "Access Application: pccnfgtypeset",
      "protectedPaths": [
        "/index.html"
      ]
    },
    {
      "permission": "AccessApplicationDescriptor",
      "description": "Access application descriptor: pccnfgtypeset",
      "protectedPaths": [
        "/neo-app.json"
      ]
    }
  ]
}