{
  "welcomeFile": "/index.html",
  "headerWhiteList": [
    "x-arteria-loginid ",
    "SLUG"
  ],
  "authenticationMethod": "saml",
  "routes": [
    {
      "path": "/sap/bc/ui5_ui5/ARTEC/FLPPLUGIN/",
      "target": {
        "type": "destination",
        "name": "flp_plugin"
      },
      "description": "FLP Plugin HTML5 App"
    },
    {
      "path": "/resources",
      "target": {
        "type": "service",
        "name": "sapui5",
        "entryPath": "/resources"
      },
      "description": "SAPUI5 Resources"
    },
    {
      "path": "/sap/opu/odata/ARTEC/PUGW/",
      "target": {
        "type": "destination",
        "name": "pugw"
      },
      "description": "User Partner Assignment and Authorisation"
    },
    {
      "path": "/sap/opu/odata/ARTEC/PCGW/",
      "target": {
        "type": "destination",
        "name": "pcgw"
      }
    },
    {
      "path": "/test-resources",
      "target": {
        "type": "service",
        "name": "sapui5",
        "entryPath": "/test-resources"
      },
      "description": "SAPUI5 Test Resources"
    },
    {
      "path": "/sap/opu/odata/ARTEC/SSGW_MST/",
      "target": {
        "type": "destination",
        "name": "ssmst"
      },
      "description": "SS Master Functionalities"
    },
    {
      "path": "/sap/opu/odata/ARTEC/SFGW_MST/",
      "target": {
        "type": "destination",
        "name": "sfmst"
      },
      "description": "SS Master Functionalities"
    },
    {
      "path": "/sap/bc/ui5_ui5/ARTEC/PPCUTIL/",
      "target": {
        "type": "destination",
        "name": "ppcutil"
      },
      "description": "Common utils files(js, css & i18n)"
    },
    {
      "path": "/sap/opu/odata/ARTEC/PCGW_UTILS/",
      "target": {
        "type": "destination",
        "name": "pcgw_utils"
      },
      "description": "common servlet apps"
    },
    {
      "path": "/sap/opu/odata/ARTEC/PUGW_UTILS/",
      "target": {
        "type": "destination",
        "name": "pugw_utils"
      },
      "description": "login id servlet"
    },
    {
      "path": "/sap/bc/ui5_ui5/ARTEC/SSUTIL/",
      "target": {
        "type": "destination",
        "name": "ssutil"
      },
      "description": "SS utils files(js, css & i18n)"
    }
  ],
  "sendWelcomeFileRedirect": true,
  "securityConstraints": [
    {
      "permission": "AccessApp",
      "description": "Access Application: slsprsn",
      "protectedPaths": [
        "/"
      ]
    },
    {
      "permission": "AccessApplicationDescriptor",
      "description": "Access application descriptor",
      "protectedPaths": [
        "/neo-app.json"
      ]
    }
  ],
  "cacheControl": []
}