{
    "resources": [
        {
            "name": "Component-dbg.js",
            "isDebug": true
        },
        {
            "name": "Component-preload.js",
            "merged": true
        },
        {
            "name": "Component.js"
        },
        {
            "name": "block/BasicDataBlock-dbg-dbg.js",
            "isDebug": true
        },
        {
            "name": "block/BasicDataBlock-dbg.js",
            "isDebug": true
        },
        {
            "name": "block/BasicDataBlock.js"
        },
        {
            "name": "block/BasicDataBlock.view.xml"
        },
        {
            "name": "block/CPAdditionalDetails-dbg-dbg.js",
            "isDebug": true
        },
        {
            "name": "block/CPAdditionalDetails-dbg.js",
            "isDebug": true
        },
        {
            "name": "block/CPAdditionalDetails.js"
        },
        {
            "name": "block/CPAdditionalDetails.view.xml"
        },
        {
            "name": "block/CPDetailClassficationGroups-dbg-dbg.js",
            "isDebug": true
        },
        {
            "name": "block/CPDetailClassficationGroups-dbg.js",
            "isDebug": true
        },
        {
            "name": "block/CPDetailClassficationGroups.js"
        },
        {
            "name": "block/CPDetailClassficationGroups.view.xml"
        },
        {
            "name": "block/ClassificationBlock-dbg-dbg.js",
            "isDebug": true
        },
        {
            "name": "block/ClassificationBlock-dbg.js",
            "isDebug": true
        },
        {
            "name": "block/ClassificationBlock.js"
        },
        {
            "name": "block/ClassificationBlock.view.xml"
        },
        {
            "name": "block/DMSGeo.fragment.xml"
        },
        {
            "name": "block/HeaderBlock-dbg-dbg.js",
            "isDebug": true
        },
        {
            "name": "block/HeaderBlock-dbg.js",
            "isDebug": true
        },
        {
            "name": "block/HeaderBlock.js"
        },
        {
            "name": "block/HeaderBlock.view.xml"
        },
        {
            "name": "block/LinkPartenerCP-dbg-dbg.js",
            "isDebug": true
        },
        {
            "name": "block/LinkPartenerCP-dbg.js",
            "isDebug": true
        },
        {
            "name": "block/LinkPartenerCP.js"
        },
        {
            "name": "block/LinkPartenerCP.view.xml"
        },
        {
            "name": "block/NewPartenerCP-dbg-dbg.js",
            "isDebug": true
        },
        {
            "name": "block/NewPartenerCP-dbg.js",
            "isDebug": true
        },
        {
            "name": "block/NewPartenerCP.js"
        },
        {
            "name": "block/NewPartenerCP.view.xml"
        },
        {
            "name": "block/SalesDataBlock-dbg-dbg.js",
            "isDebug": true
        },
        {
            "name": "block/SalesDataBlock-dbg.js",
            "isDebug": true
        },
        {
            "name": "block/SalesDataBlock.js"
        },
        {
            "name": "block/SalesDataBlock.view.xml"
        },
        {
            "name": "block/TaxClassificationBlock-dbg-dbg.js",
            "isDebug": true
        },
        {
            "name": "block/TaxClassificationBlock-dbg.js",
            "isDebug": true
        },
        {
            "name": "block/TaxClassificationBlock.js"
        },
        {
            "name": "block/TaxClassificationBlock.view.xml"
        },
        {
            "name": "controller/BaseController-dbg-dbg.js",
            "isDebug": true
        },
        {
            "name": "controller/BaseController-dbg.js",
            "isDebug": true
        },
        {
            "name": "controller/BaseController.js"
        },
        {
            "name": "controller/Block-dbg-dbg.controller.js",
            "isDebug": true
        },
        {
            "name": "controller/Block-dbg.controller.js",
            "isDebug": true
        },
        {
            "name": "controller/Block.controller.js"
        },
        {
            "name": "controller/CPCreate-dbg-dbg.controller.js",
            "isDebug": true
        },
        {
            "name": "controller/CPCreate-dbg.controller.js",
            "isDebug": true
        },
        {
            "name": "controller/CPCreate.controller.js"
        },
        {
            "name": "controller/CPDetailALTERNATEBILLINGS-dbg-dbg.controller.js",
            "isDebug": true
        },
        {
            "name": "controller/CPDetailALTERNATEBILLINGS-dbg.controller.js",
            "isDebug": true
        },
        {
            "name": "controller/CPDetailALTERNATEBILLINGS.controller.js"
        },
        {
            "name": "controller/CPDetailClassficationChannales-dbg-dbg.controller.js",
            "isDebug": true
        },
        {
            "name": "controller/CPDetailClassficationChannales-dbg.controller.js",
            "isDebug": true
        },
        {
            "name": "controller/CPDetailClassficationChannales.controller.js"
        },
        {
            "name": "controller/CPDetailClassficationGroups-dbg-dbg.controller.js",
            "isDebug": true
        },
        {
            "name": "controller/CPDetailClassficationGroups-dbg.controller.js",
            "isDebug": true
        },
        {
            "name": "controller/CPDetailClassficationGroups.controller.js"
        },
        {
            "name": "controller/CPDetailTaxClassification-dbg-dbg.controller.js",
            "isDebug": true
        },
        {
            "name": "controller/CPDetailTaxClassification-dbg.controller.js",
            "isDebug": true
        },
        {
            "name": "controller/CPDetailTaxClassification.controller.js"
        },
        {
            "name": "controller/CPInfradetails-dbg-dbg.controller.js",
            "isDebug": true
        },
        {
            "name": "controller/CPInfradetails-dbg.controller.js",
            "isDebug": true
        },
        {
            "name": "controller/CPInfradetails.controller.js"
        },
        {
            "name": "controller/DeliverySchedules-dbg-dbg.controller.js",
            "isDebug": true
        },
        {
            "name": "controller/DeliverySchedules-dbg.controller.js",
            "isDebug": true
        },
        {
            "name": "controller/DeliverySchedules.controller.js"
        },
        {
            "name": "controller/ErrorHandler-dbg-dbg.js",
            "isDebug": true
        },
        {
            "name": "controller/ErrorHandler-dbg.js",
            "isDebug": true
        },
        {
            "name": "controller/ErrorHandler.js"
        },
        {
            "name": "controller/Main-dbg-dbg.controller.js",
            "isDebug": true
        },
        {
            "name": "controller/Main-dbg.controller.js",
            "isDebug": true
        },
        {
            "name": "controller/Main.controller.js"
        },
        {
            "name": "controller/NotFound-dbg-dbg.controller.js",
            "isDebug": true
        },
        {
            "name": "controller/NotFound-dbg.controller.js",
            "isDebug": true
        },
        {
            "name": "controller/NotFound.controller.js"
        },
        {
            "name": "controller/TaxClassification-dbg-dbg.controller.js",
            "isDebug": true
        },
        {
            "name": "controller/TaxClassification-dbg.controller.js",
            "isDebug": true
        },
        {
            "name": "controller/TaxClassification.controller.js"
        },
        {
            "name": "css/Style-dbg-dbg.css",
            "isDebug": true
        },
        {
            "name": "css/Style-dbg.css",
            "isDebug": true
        },
        {
            "name": "css/Style.css"
        },
        {
            "name": "css/fullScreenStyles-dbg-dbg.css",
            "isDebug": true
        },
        {
            "name": "css/fullScreenStyles-dbg.css",
            "isDebug": true
        },
        {
            "name": "css/fullScreenStyles.css"
        },
        {
            "name": "di.code-validation.core_issues.json"
        },
        {
            "name": "i18n/i18n.properties",
            "raw": "i18n/i18n.properties"
        },
        {
            "name": "i18n/i18n_de.properties",
            "raw": "i18n/i18n.properties",
            "locale": "_de"
        },
        {
            "name": "i18n/i18n_en.properties",
            "raw": "i18n/i18n.properties",
            "locale": "_en"
        },
        {
            "name": "i18n/i18n_en_US.properties",
            "raw": "i18n/i18n.properties",
            "locale": "_en_US"
        },
        {
            "name": "index.html"
        },
        {
            "name": "manifest.json"
        },
        {
            "name": "model/models-dbg-dbg.js",
            "isDebug": true
        },
        {
            "name": "model/models-dbg.js",
            "isDebug": true
        },
        {
            "name": "model/models.js"
        },
        {
            "name": "neo-app.json"
        },
        {
            "name": "util/ApproveDialog.fragment.xml"
        },
        {
            "name": "util/CPDialog.fragment.xml"
        },
        {
            "name": "util/CPFormatter-dbg-dbg.js",
            "isDebug": true
        },
        {
            "name": "util/CPFormatter-dbg.js",
            "isDebug": true
        },
        {
            "name": "util/CPFormatter.js"
        },
        {
            "name": "util/CPStatusFormatter-dbg-dbg.js",
            "isDebug": true
        },
        {
            "name": "util/CPStatusFormatter-dbg.js",
            "isDebug": true
        },
        {
            "name": "util/CPStatusFormatter.js"
        },
        {
            "name": "util/FormatterNew-dbg-dbg.js",
            "isDebug": true
        },
        {
            "name": "util/FormatterNew-dbg.js",
            "isDebug": true
        },
        {
            "name": "util/FormatterNew.js"
        },
        {
            "name": "util/exportToExcel-dbg-dbg.js",
            "isDebug": true
        },
        {
            "name": "util/exportToExcel-dbg.js",
            "isDebug": true
        },
        {
            "name": "util/exportToExcel.js"
        },
        {
            "name": "util/messages-dbg-dbg.js",
            "isDebug": true
        },
        {
            "name": "util/messages-dbg.js",
            "isDebug": true
        },
        {
            "name": "util/messages.js"
        },
        {
            "name": "util/tableSorterAndFilter-dbg-dbg.js",
            "isDebug": true
        },
        {
            "name": "util/tableSorterAndFilter-dbg.js",
            "isDebug": true
        },
        {
            "name": "util/tableSorterAndFilter.js"
        },
        {
            "name": "view/CPCreate.view.xml"
        },
        {
            "name": "view/CPDetailALTERNATEBILLINGS.view.xml"
        },
        {
            "name": "view/CPDetailClassficationChannales.view.xml"
        },
        {
            "name": "view/CPDetailClassficationGroups-dbg-dbg.js",
            "isDebug": true
        },
        {
            "name": "view/CPDetailClassficationGroups-dbg.js",
            "isDebug": true
        },
        {
            "name": "view/CPDetailClassficationGroups.js"
        },
        {
            "name": "view/CPDetailTaxClassification.view.xml"
        },
        {
            "name": "view/CPInfra.fragment.xml"
        },
        {
            "name": "view/CPInfradetails.view.xml"
        },
        {
            "name": "view/DeliverySchedules.view.xml"
        },
        {
            "name": "view/Main.view.xml"
        },
        {
            "name": "view/NoMatching.view.xml"
        },
        {
            "name": "view/NotFound.view.xml"
        },
        {
            "name": "view/TaxClassification-dbg-dbg.js",
            "isDebug": true
        },
        {
            "name": "view/TaxClassification-dbg.js",
            "isDebug": true
        },
        {
            "name": "view/TaxClassification.js"
        },
        {
            "name": "view/TaxClassification.view.xml"
        }
    ]
}