{
    "resources": [
        {
            "name": "Component-dbg.js",
            "isDebug": true
        },
        {
            "name": "Component-preload.js",
            "merged": true
        },
        {
            "name": "Component.js"
        },
        {
            "name": "controller/ApproveList-dbg.controller.js",
            "isDebug": true
        },
        {
            "name": "controller/ApproveList.controller.js"
        },
        {
            "name": "controller/BaseController-dbg.js",
            "isDebug": true
        },
        {
            "name": "controller/BaseController.js"
        },
        {
            "name": "controller/ContractApproveList-dbg.controller.js",
            "isDebug": true
        },
        {
            "name": "controller/ContractApproveList.controller.js"
        },
        {
            "name": "controller/DetailPage-dbg.controller.js",
            "isDebug": true
        },
        {
            "name": "controller/DetailPage.controller.js"
        },
        {
            "name": "controller/DetailPageHeader-dbg.controller.js",
            "isDebug": true
        },
        {
            "name": "controller/DetailPageHeader.controller.js"
        },
        {
            "name": "controller/DetailPageItems-dbg.controller.js",
            "isDebug": true
        },
        {
            "name": "controller/DetailPageItems.controller.js"
        },
        {
            "name": "controller/DetailPageObjectHeader-dbg.controller.js",
            "isDebug": true
        },
        {
            "name": "controller/DetailPageObjectHeader.controller.js"
        },
        {
            "name": "controller/ItemDetailPage-dbg.controller.js",
            "isDebug": true
        },
        {
            "name": "controller/ItemDetailPage.controller.js"
        },
        {
            "name": "controller/List-dbg.controller.js",
            "isDebug": true
        },
        {
            "name": "controller/List.controller.js"
        },
        {
            "name": "controller/ListPage-dbg.controller.js",
            "isDebug": true
        },
        {
            "name": "controller/ListPage.controller.js"
        },
        {
            "name": "controller/Main-dbg.controller.js",
            "isDebug": true
        },
        {
            "name": "controller/Main.controller.js"
        },
        {
            "name": "controller/NoMatching-dbg.controller.js",
            "isDebug": true
        },
        {
            "name": "controller/NoMatching.controller.js"
        },
        {
            "name": "controller/NotFound-dbg.controller.js",
            "isDebug": true
        },
        {
            "name": "controller/NotFound.controller.js"
        },
        {
            "name": "controller/ViewPage-dbg.controller.js",
            "isDebug": true
        },
        {
            "name": "controller/ViewPage.controller.js"
        },
        {
            "name": "controller/block/BasicDataBlock-dbg.controller.js",
            "isDebug": true
        },
        {
            "name": "controller/block/BasicDataBlock.controller.js"
        },
        {
            "name": "controller/block/HoldBlock-dbg.controller.js",
            "isDebug": true
        },
        {
            "name": "controller/block/HoldBlock.controller.js"
        },
        {
            "name": "controller/block/LinkPartenerCP-dbg.controller.js",
            "isDebug": true
        },
        {
            "name": "controller/block/LinkPartenerCP.controller.js"
        },
        {
            "name": "controller/block/SchemeAttachments-dbg.controller.js",
            "isDebug": true
        },
        {
            "name": "controller/block/SchemeAttachments.controller.js"
        },
        {
            "name": "controller/block/SchemeCPsBlock-dbg.controller.js",
            "isDebug": true
        },
        {
            "name": "controller/block/SchemeCPsBlock.controller.js"
        },
        {
            "name": "controller/block/SchemeCostObjectsBlock-dbg.controller.js",
            "isDebug": true
        },
        {
            "name": "controller/block/SchemeCostObjectsBlock.controller.js"
        },
        {
            "name": "controller/block/SchemeGeographiesBlock-dbg.controller.js",
            "isDebug": true
        },
        {
            "name": "controller/block/SchemeGeographiesBlock.controller.js"
        },
        {
            "name": "controller/block/SchemeItemsBlock-dbg.controller.js",
            "isDebug": true
        },
        {
            "name": "controller/block/SchemeItemsBlock.controller.js"
        },
        {
            "name": "controller/block/SchemeSalesAreaBlock-dbg.controller.js",
            "isDebug": true
        },
        {
            "name": "controller/block/SchemeSalesAreaBlock.controller.js"
        },
        {
            "name": "controller/block/SchemeSlabsBlock-dbg.controller.js",
            "isDebug": true
        },
        {
            "name": "controller/block/SchemeSlabsBlock.controller.js"
        },
        {
            "name": "controller/block/TempSchemeGeographiesBlock-dbg.controller.js",
            "isDebug": true
        },
        {
            "name": "controller/block/TempSchemeGeographiesBlock.controller.js"
        },
        {
            "name": "css/style-dbg.css",
            "isDebug": true
        },
        {
            "name": "css/style.css"
        },
        {
            "name": "di.code-validation.core_issues.json"
        },
        {
            "name": "i18n/i18n.properties",
            "raw": "i18n/i18n.properties"
        },
        {
            "name": "i18n/i18n_de.properties",
            "raw": "i18n/i18n.properties",
            "locale": "_de"
        },
        {
            "name": "i18n/i18n_en.properties",
            "raw": "i18n/i18n.properties",
            "locale": "_en"
        },
        {
            "name": "i18n/i18n_en_IN.properties",
            "raw": "i18n/i18n.properties",
            "locale": "_en_IN"
        },
        {
            "name": "i18n/i18n_en_US.properties",
            "raw": "i18n/i18n.properties",
            "locale": "_en_US"
        },
        {
            "name": "index.html"
        },
        {
            "name": "manifest.json"
        },
        {
            "name": "neo-app.json"
        },
        {
            "name": "util/Dialog.fragment.xml"
        },
        {
            "name": "util/Formatter-dbg.js",
            "isDebug": true
        },
        {
            "name": "util/Formatter.js"
        },
        {
            "name": "util/SchemeFormatter-dbg.js",
            "isDebug": true
        },
        {
            "name": "util/SchemeFormatter.js"
        },
        {
            "name": "view/ApproveList.view.xml"
        },
        {
            "name": "view/ContractApproveList.view.xml"
        },
        {
            "name": "view/DetailPage.view.xml"
        },
        {
            "name": "view/DetailPageHeader.view.xml"
        },
        {
            "name": "view/DetailPageItems.view.xml"
        },
        {
            "name": "view/DetailPageObjectHeader.view.xml"
        },
        {
            "name": "view/Gruntfile-dbg.js",
            "isDebug": true
        },
        {
            "name": "view/Gruntfile.js"
        },
        {
            "name": "view/ItemDetailPage.view.xml"
        },
        {
            "name": "view/List.view.xml"
        },
        {
            "name": "view/ListPage.view.xml"
        },
        {
            "name": "view/Main.view.xml"
        },
        {
            "name": "view/NoMatching.view.xml"
        },
        {
            "name": "view/NotFound.view.xml"
        },
        {
            "name": "view/ViewPage.view.xml"
        },
        {
            "name": "view/block/BasicDataBlock-dbg.js",
            "isDebug": true
        },
        {
            "name": "view/block/BasicDataBlock.js"
        },
        {
            "name": "view/block/BasicDataBlock.view.xml"
        },
        {
            "name": "view/block/ClaimDataBlock-dbg.js",
            "isDebug": true
        },
        {
            "name": "view/block/ClaimDataBlock.js"
        },
        {
            "name": "view/block/ClaimDataBlock.view.xml"
        },
        {
            "name": "view/block/HeaderBlock-dbg.js",
            "isDebug": true
        },
        {
            "name": "view/block/HeaderBlock.js"
        },
        {
            "name": "view/block/HeaderBlock.view.xml"
        },
        {
            "name": "view/block/HoldBlock.view.xml"
        },
        {
            "name": "view/block/LinkPartenerCP-dbg.js",
            "isDebug": true
        },
        {
            "name": "view/block/LinkPartenerCP.js"
        },
        {
            "name": "view/block/LinkPartenerCP.view.xml"
        },
        {
            "name": "view/block/OtherDataBlock-dbg.js",
            "isDebug": true
        },
        {
            "name": "view/block/OtherDataBlock.js"
        },
        {
            "name": "view/block/OtherDataBlock.view.xml"
        },
        {
            "name": "view/block/RetailerCategoryBlock.view.xml"
        },
        {
            "name": "view/block/SchemeAttachments.view.xml"
        },
        {
            "name": "view/block/SchemeCPsBlock.view.xml"
        },
        {
            "name": "view/block/SchemeCostObjectsBlock.view.xml"
        },
        {
            "name": "view/block/SchemeGeographiesBlock.view.xml"
        },
        {
            "name": "view/block/SchemeGroupsBlock-dbg.js",
            "isDebug": true
        },
        {
            "name": "view/block/SchemeGroupsBlock.js"
        },
        {
            "name": "view/block/SchemeGroupsBlock.view.xml"
        },
        {
            "name": "view/block/SchemeItemsBlock.view.xml"
        },
        {
            "name": "view/block/SchemeSalesAreaBlock.view.xml"
        },
        {
            "name": "view/block/SchemeSlabsBlock-dbg.js",
            "isDebug": true
        },
        {
            "name": "view/block/SchemeSlabsBlock.js"
        },
        {
            "name": "view/block/SchemeSlabsBlock.view.xml"
        },
        {
            "name": "view/block/Temp-dbg-dbg.js",
            "isDebug": true
        },
        {
            "name": "view/block/Temp-dbg.js",
            "isDebug": true
        },
        {
            "name": "view/block/Temp.js"
        },
        {
            "name": "view/block/Temp.view.xml"
        },
        {
            "name": "view/block/TempSchemeGeographiesBlock.view.xml"
        },
        {
            "name": "view/package.json"
        }
    ]
}