{
  "welcomeFile": "webapp/index.html",
  "routes": [
    {
      "path": "/sap/opu/odata/ARTEC/PUGW_UTILS/",
      "target": {
        "type": "destination",
        "name": "pugw_utils"
      },
      "description": "Common Servlet File"
    },
    {
      "path": "/sap/opu/odata/ARTEC/PCGW_UTILS/",
      "target": {
        "type": "destination",
        "name": "pcgw_utils"
      },
      "description": "Common Servlet File"
    },
    {
      "path": "/sap/opu/odata/ARTEC/SFGW_SP/",
      "target": {
        "type": "destination",
        "name": "sfsp"
      },
      "description": "Sales Person Detail"
    },
    {
      "path": "/sap/opu/odata/ARTEC/PCGW/",
      "target": {
        "type": "destination",
        "name": "pcgw"
      },
      "description": "Partner Common Services"
    },
    {
      "path": "/sap/bc/ui5_ui5/ARTEC/SSUTIL/",
      "target": {
        "type": "destination",
        "name": "ssutil"
      },
      "description": "SS Common utils files(js & i18n)"
    },
    {
      "path": "/sap/bc/ui5_ui5/ARTEC/PPCUTIL/",
      "target": {
        "type": "destination",
        "name": "ppcutil"
      },
      "description": "Common utils files(js, css & i18n)"
    },
    {
      "path": "/sap/opu/odata/ARTEC/SSGW_MST/",
      "target": {
        "type": "destination",
        "name": "ssmst"
      },
      "description": "SS Master Functionalities"
    },
    {
      "path": "/sap/opu/odata/ARTEC/SFGW_UPLOAD/",
      "target": {
        "type": "destination",
        "name": "sfgwupload"
      },
      "description": "SFGW UPLOAD Functionalities"
    },
    {
      "path": "webapp/resources",
      "target": {
        "type": "service",
        "name": "sapui5",
        "entryPath": "/resources"
      },
      "description": "SAPUI5 Resources"
    },
    {
      "path": "webapp/test-resources",
      "target": {
        "type": "service",
        "name": "sapui5",
        "entryPath": "/test-resources"
      },
      "description": "SAPUI5 Resources"
    },
    {
      "path": "/resources",
      "target": {
        "type": "service",
        "name": "sapui5",
        "entryPath": "/resources"
      },
      "description": "SAPUI5 Resources"
    },
    {
      "path": "/test-resources",
      "target": {
        "type": "service",
        "name": "sapui5",
        "entryPath": "/test-resources"
      },
      "description": "SAPUI5 Test Resources"
    }
  ],
  "sendWelcomeFileRedirect": true
}