{
    "resources": [
        {
            "name": "Component-dbg.js",
            "isDebug": true
        },
        {
            "name": "Component-preload.js",
            "merged": true
        },
        {
            "name": "Component.js"
        },
        {
            "name": "controller/AuditUpload-dbg.controller.js",
            "isDebug": true
        },
        {
            "name": "controller/AuditUpload.controller.js"
        },
        {
            "name": "controller/ItemPage-dbg.controller.js",
            "isDebug": true
        },
        {
            "name": "controller/ItemPage.controller.js"
        },
        {
            "name": "controller/Main-dbg.controller.js",
            "isDebug": true
        },
        {
            "name": "controller/Main.controller.js"
        },
        {
            "name": "controller/UploadPage-dbg.controller.js",
            "isDebug": true
        },
        {
            "name": "controller/UploadPage.controller.js"
        },
        {
            "name": "css/style-dbg.css",
            "isDebug": true
        },
        {
            "name": "css/style.css"
        },
        {
            "name": "di.code-validation.core_issues.json"
        },
        {
            "name": "i18n/i18n.properties",
            "raw": "i18n/i18n.properties"
        },
        {
            "name": "index.html"
        },
        {
            "name": "manifest.json"
        },
        {
            "name": "model/models-dbg.js",
            "isDebug": true
        },
        {
            "name": "model/models.js"
        },
        {
            "name": "neo-app.json"
        },
        {
            "name": "view/AuditUpload.view.xml"
        },
        {
            "name": "view/ItemPage.view.xml"
        },
        {
            "name": "view/Main.view.xml"
        },
        {
            "name": "view/UploadPage.view.xml"
        }
    ]
}