<mvc:View xmlns:mvc="sap.ui.core.mvc" xmlns:layout="sap.ui.layout" xmlns:forms="sap.ui.layout.form" xmlns="sap.m"
	controllerName="com.arteriatech.ss.cp.create1.controller.Block" xmlns:core="sap.ui.core" id="BASICDATA">
	<forms:Form id="BASICDATA_Form" editable="true" visible="{= ${LocalViewSettingDtl>/detailMode} || ${LocalViewSettingDtl>/reviewMode} }">
		<forms:layout>
			<forms:ResponsiveGridLayout id="BASICDATA_ResponsiveGridLayout" labelSpanL="4" labelSpanM="4" emptySpanL="0" emptySpanM="0" columnsL="3"
				columnsM="4"></forms:ResponsiveGridLayout>
		</forms:layout>
		<forms:formContainers>
			<forms:FormContainer id="BASICDATA_FormContainer1" title="{i18n>BasicDataBlock.FormContainer.PersonalDetails}">
				<forms:formElements>
					<forms:FormElement id="Name" label="{SSGW_MST>/ChannelPartners/Name/#@sap:label}">
						<forms:label>
							<Label id="lName" required="false" text="{SSGW_MST>/ChannelPartners/Name/#@sap:label}"/>
						</forms:label>
						<forms:fields>
							<Text id="fName" text="{ChannelPartners>/Name}"/>
						</forms:fields>
					</forms:FormElement>
					<forms:FormElement id="OwnerName" label="{SSGW_MST>/ChannelPartners/OwnerName/#@sap:label}">
						<forms:label>
							<Label id="lOwnerName" required="false" text="{SSGW_MST>/ChannelPartners/OwnerName/#@sap:label}"/>
						</forms:label>
						<forms:fields>
							<Text id="fOwnerName" text="{ChannelPartners>/OwnerName}"/>
						</forms:fields>
					</forms:FormElement>
					<!--<forms:FormElement id="lIsKeyCP" label="{SSGW_MST>/ChannelPartners/IsKeyCP/#@sap:label}">-->
					<!--	<forms:fields>-->
					<!--		<ObjectStatus text="{= ${ChannelPartners>/IsKeyCP} === 'X'? 'Yes' : 'No' }" icon="sap-icon://key-user-settings"-->
					<!--			state="{= ${ChannelPartners>/IsKeyCP} === 'X'? 'Success' : 'Error' }"/>-->
					<!--	</forms:fields>-->
					<!--</forms:FormElement>-->
					<!--<forms:FormElement id="routeDetail" label="{SSGW_MST>/ChannelPartners/RouteID/#@sap:label}">-->
					<!--	<forms:label>-->
					<!--		<Label id="lrouteDetail" text="{SSGW_MST>/ChannelPartners/RouteID/#@sap:label}"/>-->
					<!--	</forms:label>-->
					<!--	<forms:fields>-->
					<!--		<MultiInput valueHelpRequest="routeF4" editable="false"></MultiInput>-->
					<!--	</forms:fields>-->
					<!--</forms:FormElement>-->
					<forms:FormElement id="lDOB" label="{SSGW_MST>/ChannelPartners/DOB/#@sap:label}"
						visible="{= (${ChannelPartners>/CPTypeID} === '' || ${ChannelPartners>/CPTypeID} === '10' || ${ChannelPartners>/CPTypeID} === '20')? true:false }">
						<forms:fields>
							<Text id="fDOB" text="{path: 'ChannelPartners>/DOB', formatter: 'com.arteriatech.ss.utils.js.Common.getFormattedDate'}"/>
						</forms:fields>
					</forms:FormElement>
					<forms:FormElement id="lAnniversary" label="{SSGW_MST>/ChannelPartners/Anniversary/#@sap:label}"
						visible="{= (${ChannelPartners>/CPTypeID} === '' || ${ChannelPartners>/CPTypeID} === '10' || ${ChannelPartners>/CPTypeID} === '20')? true:false }">
						<forms:fields>
							<Text id="fAnniversary" text="{path:'ChannelPartners>/Anniversary',formatter: 'com.arteriatech.ss.utils.js.Common.getFormattedDate'}"/>
						</forms:fields>
					</forms:FormElement>
					<forms:FormElement visible="false" id="lID1" label="{SSGW_MST>/ChannelPartners/ID1/#@sap:label}">
						<forms:fields>
							<Text id="fID1" text="{path:'ChannelPartners>/ID1'}"/>
						</forms:fields>
					</forms:FormElement>
					<forms:FormElement visible="false" id="lID2" label="{SSGW_MST>/ChannelPartners/ID2/#@sap:label}">
						<forms:fields>
							<Text id="fID2" text="{path:'ChannelPartners>/ID2'}"/>
						</forms:fields>
					</forms:FormElement>
					<forms:FormElement id="lBusinessID1" label="{SSGW_MST>/ChannelPartners/BusinessID1/#@sap:label}">
						<forms:fields>
							<Text id="fBusinessID1" text="{path:'ChannelPartners>/BusinessID1'}"/>
						</forms:fields>
					</forms:FormElement>
					<forms:FormElement visible="false" id="lBusinessID2" label="{SSGW_MST>/ChannelPartners/BusinessID2/#@sap:label}">
						<forms:fields>
							<Text id="fBusinessID2" text="{path:'ChannelPartners>/BusinessID2'}"/>
						</forms:fields>
					</forms:FormElement>
					<forms:FormElement id="lCPUID1" visible="{= ${CPUIDMODEL>/0/Text} === 'X' ? true: false }"
						label="{SSGW_MST>/ChannelPartners/CPUID/#@sap:label}">
						<forms:fields>
							<Text id="fCPUID1" text="{path:'ChannelPartners>/CPUID'}"/>
						</forms:fields>
					</forms:FormElement>
					<!--<forms:FormElement visible="false" id="lMobileVerifed" label="{SSGW_MST>/ChannelPartners/MobileVerifed/#@sap:label}">-->
					<!--	<forms:fields>-->
					<!--<Text text="{path:'ChannelPartners>/MobileVerifed'}"/>-->
					<!--		<Switch id="fIsKeyCP" customTextOff="No" state="{= ${ChannelPartners>/MobileVerifed} === 'Y' ? true : false}" customTextOn="Yes"-->
					<!--			enabled="{LocalViewSettingDtl>/editMode}">-->
					<!--			<layoutData>-->
					<!--				<FlexItemData growFactor="1"/>-->
					<!--			</layoutData>-->
					<!--		</Switch>-->
					<!--	</forms:fields>-->
					<!--</forms:FormElement>-->
				</forms:formElements>
			</forms:FormContainer>
			<forms:FormContainer id="BASICDATA_FormContainer3" title="Address Details">
				<forms:formElements>
					<forms:FormElement id="lAddress2">
						<forms:fields>
							<layout:VerticalLayout>
								<Text id="fAddress1" text="{ChannelPartners>/Address1}" visible="{= ${ChannelPartners>/Address1} !== ''? true: false}"/>
								<Text id="fAddress2" text="{ChannelPartners>/Address2}" visible="{= ${ChannelPartners>/Address2} !== ''? true: false}"/>
								<Text id="fAddress3" text="{ChannelPartners>/Address3} " visible="{= ${ChannelPartners>/Address3} !== '' ? true: false}"/>
								<Text id="fAddress4" text="{ChannelPartners>/Address4}" visible="{= ${ChannelPartners>/Address4} !== ''? true: false}"/>
								<Text text="{ChannelPartners>/WardName}" visible="{= ${ChannelPartners>/WardName} !== ''? true: false}"/>
								<Text id="fLandmark" text="{ChannelPartners>/Landmark}" visible="{= ${ChannelPartners>/Landmark} !== ''? true: false}"/>
								<Text id="fDistrictDesc" text="{ChannelPartners>/DistrictDesc}" visible="{= ${ChannelPartners>/DistrictDesc} !== ''? true: false}"/>
								<Text id="fSubDistrictID" text="{ChannelPartners>/SubDistrictDesc}" visible="{= ${ChannelPartners>/SubDistrictDesc} !== ''? true: false}"/>
								<!--<Text id="fCityDesc" text="{ChannelPartners>/CityDesc}" visible="{= ${ChannelPartners>/CityDesc} !== ''? true: false}"/>-->
								<Text id="fTownDesc" text="{ChannelPartners>/TownDesc}" visible="{= ${ChannelPartners>/TownDesc} !== ''? true: false}"/>
								<Text id="fStateDesc" text="{ChannelPartners>/StateDesc}" visible="{= ${ChannelPartners>/StateDesc} !== ''? true: false}"/>
								<Text id="fCountryName" text="{ChannelPartners>/CountryName} - {ChannelPartners>/PostalCode}"
									visible="{= ${ChannelPartners>/CountryName} !== ''? true: false}"/>
								<!--<DatePicker visible="{= ${ChannelPartners>/ActivationDate} !== ''? true: false}" editable="false"-->
								<!--	dateValue="{path:'ChannelPartners>/ActivationDate' }" displayFormat="{LocalViewSettingDtl>/DateFormat}"/>-->
							</layout:VerticalLayout>
						</forms:fields>
					</forms:FormElement>
				</forms:formElements>
			</forms:FormContainer>
			<forms:FormContainer id="BASICDATA_FormContainer4" title="Contact Details">
				<forms:formElements>
					<forms:FormElement id="lMobile1">
						<forms:fields>
							<layout:VerticalLayout>
								<ObjectStatus tooltip="{SSGW_MST>/ChannelPartners/Mobile1/#@sap:label}"
									text="{path: 'ChannelPartners>/Mobile1',type: 'sap.ui.model.type.Tel'}" icon="sap-icon://iphone"/>
								<ObjectStatus tooltip="{SSGW_MST>/ChannelPartners/Mobile2/#@sap:label}"
									text="{path: 'ChannelPartners>/Mobile2',type: 'sap.ui.model.type.Tel'}" icon="sap-icon://iphone"/>
								<ObjectStatus tooltip="{SSGW_MST>/ChannelPartners/Landline/#@sap:label}"
									text="{path: 'ChannelPartners>/Landline',type: 'sap.ui.model.type.Tel'}" icon="sap-icon://phone"/>
								<ObjectStatus tooltip="{SSGW_MST>/ChannelPartners/FaxNo/#@sap:label}" text="{path: 'ChannelPartners>/FaxNo',type: 'sap.ui.model.type.Tel'}"
									icon="sap-icon://fax-machine"/>
								<ObjectStatus tooltip="{SSGW_MST>/ChannelPartners/EmailID/#@sap:label}"
									text="{path: 'ChannelPartners>/EmailID',type: 'sap.ui.model.type.String'}" icon="sap-icon://email"/>
								<ObjectStatus
									visible="{= (${ChannelPartners>/CPTypeID} === '' || ${ChannelPartners>/CPTypeID} === '10' || ${ChannelPartners>/CPTypeID} === '20')? true:false }"
									tooltip="Lat Long" text="({path: 'ChannelPartners>/Latitude'}, {path: 'ChannelPartners>/Longitude'})" icon="sap-icon://map"/>
							</layout:VerticalLayout>
						</forms:fields>
					</forms:FormElement>
					<!--<forms:FormElement label="{SSGW_MST>/CPDMSDivisions/BillSeries/#@sap:label}"-->
					<!--	visible="{= (${ChannelPartners>/BillSeries} !== '') &amp;&amp; (${ChannelPartners>/BillSeries} !== undefined) ? true: false}">-->
					<!--	<forms:fields>-->
					<!--		<Text text="{path:'ChannelPartners>/BillSeries'}"/>-->
					<!--	</forms:fields>-->
					<!--</forms:FormElement>-->
					<!--<forms:FormElement label="{SSGW_MST>/CPDMSDivisions/Dow/#@sap:label}"-->
					<!--	visible="{= (${ChannelPartners>/Dow} !== '') &amp;&amp; (${ChannelPartners>/Dow} !== undefined) ? true: false}">-->
					<!--	<forms:fields>-->
					<!--		<Text text="{path:'ChannelPartners>/Dow'}"/>-->
					<!--	</forms:fields>-->
					<!--</forms:FormElement>-->
					<!--<forms:FormElement label="{SSGW_MST>/CPDMSDivisions/FreqOfDispatch/#@sap:label}"-->
					<!--	visible="{= (${ChannelPartners>/FreqOfDispatch} !== '') &amp;&amp; (${ChannelPartners>/FreqOfDispatch} !== undefined) ? true: false}">-->
					<!--	<forms:fields>-->
					<!--		<Text text="{path:'ChannelPartners>/FreqOfDispatch'}"/>-->
					<!--	</forms:fields>-->
					<!--</forms:FormElement>-->
					<!--<forms:FormElement id="NoOfEmployeeR" label="{SSGW_MST>/ChannelPartners/NoOfEmployee/#@sap:label}"-->
					<!--	visible="{= (${ChannelPartners>/NoOfEmployee} !== '') &amp;&amp; (${ChannelPartners>/NoOfEmployee} !== undefined) ? true: false}">-->
					<!--	<forms:label>-->
					<!--		<Label id="lNoOfEmployeeR" required="false" text="{SSGW_MST>/ChannelPartners/NoOfEmployee/#@sap:label}"/>-->
					<!--	</forms:label>-->
					<!--	<forms:fields>-->
					<!--		<Text text="{ChannelPartners>/NoOfEmployee}"/>-->
					<!--	</forms:fields>-->
					<!--</forms:FormElement>-->
					<!--<forms:FormElement label="{SSGW_MST>/ChannelPartners/NoOfSalesman/#@sap:label}"-->
					<!--	visible="{= (${ChannelPartners>/NoOfSalesman} !== '') &amp;&amp; (${ChannelPartners>/NoOfSalesman} !== undefined) ? true: false}">-->
					<!--	<forms:fields>-->
					<!--		<Text text="{path:'ChannelPartners>/NoOfSalesman'}"/>-->
					<!--	</forms:fields>-->
					<!--</forms:FormElement>-->
					<!--<forms:FormElement label="{SSGW_MST>/ChannelPartners/WsCovered/#@sap:label}"-->
					<!--	visible="{= (${ChannelPartners>/WsCovered} !== '') &amp;&amp; (${ChannelPartners>/WsCovered} !== undefined) ? true: false}">-->
					<!--	<forms:fields>-->
					<!--		<Text text="{path:'ChannelPartners>/WsCovered'}"/>-->
					<!--	</forms:fields>-->
					<!--</forms:FormElement>-->
					<!--<forms:FormElement label="{SSGW_MST>/ChannelPartners/OutletsCovered/#@sap:label}"-->
					<!--	visible="{= (${ChannelPartners>/OutletsCovered} !== '') &amp;&amp; (${ChannelPartners>/OutletsCovered} !== undefined) ? true: false}">-->
					<!--	<forms:fields>-->
					<!--		<Text text="{path:'ChannelPartners>/OutletsCovered'}"/>-->
					<!--	</forms:fields>-->
					<!--</forms:FormElement>-->
				</forms:formElements>
			</forms:FormContainer>
		</forms:formContainers>
	</forms:Form>
	<forms:Form editable="true" id="BASICDATA_Form_Edit" width="100%" visible="{LocalViewSettingDtl>/editMode}">
		<forms:layout>
			<forms:ResponsiveGridLayout id="BASICDATA_ResponsiveGridLayoutEdit" labelSpanL="4" labelSpanM="4" emptySpanL="0" emptySpanM="0" columnsL="3"
				columnsM="4"></forms:ResponsiveGridLayout>
		</forms:layout>
		<forms:formContainers>
			<forms:FormContainer id="BASICDATA_FormContainer1Edit" title="Personal Details">
				<forms:formElements>
					<forms:FormElement label="{SSGW_MST>/ChannelPartners/CPNo/#@sap:label}" visible="{LocalViewSettingDtl>/CustomerVH}">
						<forms:label>
							<Label id="lCPNo" required="true" text="{SSGW_MST>/SalesPersons/CPNo/#@sap:label}"></Label>
						</forms:label>
						<forms:fields>
							<MultiInput id="inputCustomerF4" maxLength="{path:'SSGW_MST>/#SalesPerson/CPNo/@maxLength', type:'sap.ui.model.type.Float'}"
								valueHelpRequest="CustomerF4" tokenUpdate="ontokenCountryF4"/>
						</forms:fields>
					</forms:FormElement>
					<forms:FormElement label="{SSGW_MST>/ChannelPartners/CPNo/#@sap:label}" visible="{LocalViewSettingDtl>/CustomerDD}">
						<forms:label>
							<Label id="customer" required="true" text="{SSGW_MST>/SalesPersons/CPNo/#@sap:label}"></Label>
						</forms:label>
						<forms:fields>
							<Select autoAdjustWidth="true" change="getSelectedCPParent" id="Customer" items="{Customers>/}">
								<core:ListItem id="cPParentNo_item" key="{Customers>CustomerNo}" text="{Customers>CustomerNo}{Customers>Seperator}{Customers>Name}"
									tooltip="{Customers>Name}"></core:ListItem>
							</Select>
						</forms:fields>
					</forms:FormElement>
					<forms:FormElement id="CPTypeEdit" label="{SSGW_MST>/ChannelPartners/CPTypeID/#@sap:label}">
						<forms:label>
							<Label id="lCPTypeEdit" required="true" text="{SSGW_MST>/ChannelPartners/CPTypeID/#@sap:label}"/>
						</forms:label>
						<forms:fields>
							<Select change="getCPTypeDescription" selectedKey="{ChannelPartners>/CPTypeID}" id="fCPTypeEdit" items="{ChannelPartnerType>/}">
								<core:Item key="{ChannelPartnerType>Key}" text="{ChannelPartnerType>Key} {ChannelPartnerType>Seperator} {ChannelPartnerType>Text}"
									tooltip="{ChannelPartnerType>Text}"></core:Item>
							</Select>
						</forms:fields>
					</forms:FormElement>
					<forms:FormElement id="NameEdit" label="{SSGW_MST>/ChannelPartners/Name/#@sap:label}">
						<forms:label>
							<Label id="lNameEdit" required="true" text="{SSGW_MST>/ChannelPartners/Name/#@sap:label}"/>
						</forms:label>
						<forms:fields>
							<Input id="fNameEdit" value="{ChannelPartners>/Name}"
								maxLength="{path: 'SSGW_MST>/ChannelPartners/Name/#@maxLength' ,formatter: 'toInteger'}"/>
						</forms:fields>
					</forms:FormElement>
					<forms:FormElement id="OwnerNameEdit" label="{SSGW_MST>/ChannelPartners/OwnerName/#@sap:label}">
						<forms:label>
							<Label id="lOwnerNameEdit" required="true" text="{SSGW_MST>/ChannelPartners/OwnerName/#@sap:label}"/>
						</forms:label>
						<forms:fields>
							<Input id="fOwnerNameEdit" value="{path:'ChannelPartners>/OwnerName' }"
								maxLength="{path: 'SSGW_MST>/ChannelPartners/OwnerName/#@maxLength' ,formatter: 'toInteger'}"/>
						</forms:fields>
					</forms:FormElement>
					<!--<forms:FormElement id="routeEdit" label="{SSGW_MST>/ChannelPartners/RouteID/#@sap:label}">-->
					<!--	<forms:label>-->
					<!--		<Label id="lrouteEdit" text="{SSGW_MST>/ChannelPartners/RouteID/#@sap:label}"/>-->
					<!--	</forms:label>-->
					<!--	<forms:fields>-->
					<!--		<MultiInput valueHelpRequest="routeF4" id="fRouteID"></MultiInput>-->
					<!--	</forms:fields>-->
					<!--</forms:FormElement>-->
					<!--<forms:FormElement id="lIsKeyCPEdit" label="{SSGW_MST>/ChannelPartners/IsKeyCP/#@sap:label}" visible="false">-->
					<!--	<forms:label>-->
					<!--		<Label id="IsKeyCPEdit" required="false" text="{SSGW_MST>/ChannelPartners/IsKeyCP/#@sap:label}"/>-->
					<!--	</forms:label>-->
					<!--	<forms:fields>-->
					<!--		<Switch id="fIsKeyCP1" customTextOff="No" customTextOn="Yes" enabled="{LocalViewSettingDtl>/editMode}">-->
					<!--			<layoutData>-->
					<!--				<FlexItemData growFactor="1"/>-->
					<!--			</layoutData>-->
					<!--		</Switch>-->
					<!--	</forms:fields>-->
					<!--</forms:FormElement>-->
					<forms:FormElement id="DOBEdit" label="{SSGW_MST>/ChannelPartners/DOB/#@sap:label}"
						visible="{= (${ChannelPartners>/CPTypeID} === '' || ${ChannelPartners>/CPTypeID} === '10' || ${ChannelPartners>/CPTypeID} === '20')? true:false }">
						<forms:label>
							<Label id="lDOBEdit" required="false" text="{SSGW_MST>/ChannelPartners/DOB/#@sap:label}"/>
						</forms:label>
						<forms:fields>
							<DatePicker id="fDOBEdit" dateValue="{path:'ChannelPartners>/DOB' }" displayFormat="{LocalViewSettingDtl>/DateFormat}"/>
						</forms:fields>
					</forms:FormElement>
					<forms:FormElement id="AnniversaryEdit" label="{SSGW_MST>/ChannelPartners/Anniversary/#@sap:label}"
						visible="{= (${ChannelPartners>/CPTypeID} === '' || ${ChannelPartners>/CPTypeID} === '10' || ${ChannelPartners>/CPTypeID} === '20')? true:false }">
						<forms:label>
							<Label id="lAnniversaryEdit" required="false" text="{SSGW_MST>/ChannelPartners/Anniversary/#@sap:label}"/>
						</forms:label>
						<forms:fields>
							<DatePicker id="fAnniversaryEdit" dateValue="{path:'ChannelPartners>/Anniversary'}" displayFormat="{LocalViewSettingDtl>/DateFormat}"/>
						</forms:fields>
					</forms:FormElement>
					<forms:FormElement visible="false" id="lID1Edit" label="{SSGW_MST>/ChannelPartners/ID1/#@sap:label}">
						<forms:label>
							<Label id="ID1Edit" required="false" text="{SSGW_MST>/ChannelPartners/ID1/#@sap:label}"/>
						</forms:label>
						<forms:fields>
							<Input id="fID1Edit" value="{path:'ChannelPartners>/ID1'}"
								maxLength="{path: 'SSGW_MST>/ChannelPartners/ID1/#@maxLength' ,formatter: 'toInteger'}"/>
						</forms:fields>
					</forms:FormElement>
					<forms:FormElement visible="false" id="lID2Edit" label="{SSGW_MST>/ChannelPartners/ID2/#@sap:label}">
						<forms:label>
							<Label id="ID2Edit" required="false" text="{SSGW_MST>/ChannelPartners/ID2/#@sap:label}"/>
						</forms:label>
						<forms:fields>
							<Input id="fID2Edit" value="{path:'ChannelPartners>/ID2'}"
								maxLength="{path: 'SSGW_MST>/ChannelPartners/ID2/#@maxLength' ,formatter: 'toInteger'}"/>
						</forms:fields>
					</forms:FormElement>
					<forms:FormElement id="lBusinessID1Edit" label="{SSGW_MST>/ChannelPartners/BusinessID1/#@sap:label}">
						<forms:label>
							<Label id="BusinessID1Edit" required="false" text="{SSGW_MST>/ChannelPartners/BusinessID1/#@sap:label}"/>
						</forms:label>
						<forms:fields>
							<Input id="fBusinessID1Edit" value="{path:'ChannelPartners>/BusinessID1'}"
								maxLength="{path: 'SSGW_MST>/ChannelPartners/BusinessID1/#@maxLength' ,formatter: 'toInteger'}"/>
						</forms:fields>
					</forms:FormElement>
					<forms:FormElement visible="false" id="lBusinessID2Edit" label="{SSGW_MST>/ChannelPartners/BusinessID2/#@sap:label}">
						<forms:label>
							<Label id="BusinessID2Edit" required="false" text="{SSGW_MST>/ChannelPartners/BusinessID2/#@sap:label}"/>
						</forms:label>
						<forms:fields>
							<Input id="fBusinessID2Edit" value="{path:'ChannelPartners>/BusinessID2'}"
								maxLength="{path: 'SSGW_MST>/ChannelPartners/BusinessID2/#@maxLength' ,formatter: 'toInteger'}"/>
						</forms:fields>
					</forms:FormElement>
					<forms:FormElement visible="{= ${CPUIDMODEL>/0/Text} === 'X' ? true: false }" id="lCPUID"
						label="{SSGW_MST>/ChannelPartners/CPUID/#@sap:label}">
						<forms:label>
							<Label id="CPUID" required="true" text="{SSGW_MST>/ChannelPartners/CPUID/#@sap:label}"/>
						</forms:label>
						<forms:fields>
							<Input id="fCPUID" value="{path:'ChannelPartners>/CPUID'}"
								maxLength="{path: 'SSGW_MST>/ChannelPartners/CPUID/#@maxLength' ,formatter: 'toInteger'}"/>
						</forms:fields>
					</forms:FormElement>
					<!--<forms:FormElement id="lIsMobileVerifedEdit" label="{SSGW_MST>/ChannelPartners/MobileVerifed/#@sap:label}"-->
					<!--	visible="{= (${ChannelPartners>/CPTypeID} === '' || ${ChannelPartners>/CPTypeID} === '10' || ${ChannelPartners>/CPTypeID} === '20')? true:false }">-->
					<!--	<forms:label>-->
					<!--		<Label id="MobileVerifedEdit" required="false" text="{SSGW_MST>/ChannelPartners/MobileVerifed/#@sap:label}"/>-->
					<!--	</forms:label>-->
					<!--	<forms:fields>-->
					<!--		<Switch id="fMobileVerifed" state="{LocalViewSettingDtl>/MobileVerifed}" customTextOff="No" customTextOn="Yes"-->
					<!--			enabled="{LocalViewSettingDtl>/editMode}">-->
					<!--			<layoutData>-->
					<!--				<FlexItemData growFactor="1"/>-->
					<!--			</layoutData>-->
					<!--		</Switch>-->
					<!--	</forms:fields>-->
					<!--</forms:FormElement>-->
				</forms:formElements>
			</forms:FormContainer>
			<forms:FormContainer id="BASICDATA_FormContainer2Edit" title="Address Details">
				<forms:formElements>
					<forms:FormElement id="Address1Edit" label="{SSGW_MST>/ChannelPartners/Address1/#@sap:label}">
						<forms:label>
							<Label id="lAddress1Edit" required="true" text="{SSGW_MST>/ChannelPartners/Address1/#@sap:label}"/>
						</forms:label>
						<forms:fields>
							<Input value="{ChannelPartners>/Address1}" maxLength="{path: 'SSGW_MST>/ChannelPartners/Address1/#@maxLength' ,formatter: 'toInteger'}"
								id="fAddress1Edit"/>
						</forms:fields>
					</forms:FormElement>
					<forms:FormElement id="lAddress2Edit" label="{SSGW_MST>/ChannelPartners/Address2/#@sap:label}">
						<forms:label>
							<Label id="Address2Edit" required="false" text="{SSGW_MST>/ChannelPartners/Address2/#@sap:label}"/>
						</forms:label>
						<forms:fields>
							<Input value="{ChannelPartners>/Address2}" maxLength="{path: 'SSGW_MST>/ChannelPartners/Address2/#@maxLength' ,formatter: 'toInteger'}"
								id="fAddress2Edit"/>
						</forms:fields>
					</forms:FormElement>
					<forms:FormElement id="lAddress3Edit" label="{SSGW_MST>/ChannelPartners/Address3/#@sap:label}">
						<forms:label>
							<Label id="Address3Edit" required="false" text="{SSGW_MST>/ChannelPartners/Address3/#@sap:label}"/>
						</forms:label>
						<forms:fields>
							<Input id="fAddress3Edit" value="{ChannelPartners>/Address3}"
								maxLength="{path: 'SSGW_MST>/ChannelPartners/Address3/#@maxLength' ,formatter: 'toInteger'}"/>
						</forms:fields>
					</forms:FormElement>
					<forms:FormElement id="lAddress4Edit" label="{SSGW_MST>/ChannelPartners/Address4/#@sap:label}">
						<forms:label>
							<Label id="Address4Edit" required="false" text="{SSGW_MST>/ChannelPartners/Address4/#@sap:label}"/>
						</forms:label>
						<forms:fields>
							<Input id="fAddress4Edit" value="{ChannelPartners>/Address4}"
								maxLength="{path: 'SSGW_MST>/ChannelPartners/Address4/#@maxLength' ,formatter: 'toInteger'}"/>
						</forms:fields>
					</forms:FormElement>
					<forms:FormElement id="LandmarkEdit" label="{SSGW_MST>/ChannelPartners/Landmark/#@sap:label}">
						<forms:label>
							<Label id="lLandmarkEdit" text="{SSGW_MST>/ChannelPartners/Landmark/#@sap:label}"/>
						</forms:label>
						<forms:fields>
							<Input value="{ChannelPartners>/Landmark}" maxLength="{path: 'SSGW_MST>/ChannelPartners/Landmark/#@maxLength' ,formatter: 'toInteger'}"
								id="fLandmarkEdit"/>
						</forms:fields>
					</forms:FormElement>
					<forms:FormElement id="CountryEdit" label="{SSGW_MST>/ChannelPartners/Country/#@sap:label}">
						<forms:label>
							<Label id="lCountryEdit" required="true" text="{SSGW_MST>/ChannelPartners/Country/#@sap:label}"/>
						</forms:label>
						<forms:fields>
							<MultiInput  id="fCountryEdit"
								valueHelpRequest="CountryF4" suggestionItems="{CountryModel>/}" suggestionItemSelected="suggestionItemCountry"
								suggest="handleCountrySuggest" filterSuggests="true" showSuggestion="true" change="onChangeCountry" width="100%"
								tokenUpdate="ontokenCountryF4">
								<suggestionItems>
									<core:ListItem text="{CountryModel>ID} " additionalText="{CountryModel>Description}"/>
								</suggestionItems>
							</MultiInput>
						</forms:fields>
					</forms:FormElement>
					<forms:FormElement id="StateIDEdit" label="{SSGW_MST>/ChannelPartners/StateID/#@sap:label}">
						<forms:label>
							<Label id="lStateIDEdit" required="true" text="{SSGW_MST>/ChannelPartners/StateID/#@sap:label}"/>
						</forms:label>
						<forms:fields>
							<MultiInput  id="fStateIDEdit"
								valueHelpRequest="StateF4" suggestionItems="{StateModel>/}" suggestionItemSelected="suggestionItemState" suggest="handleStateSuggest"
								filterSuggests="true" showSuggestion="true" width="100%" tokenUpdate="tokenChangeStateF4" change="onChangeStateF4">
								<suggestionItems>
									<!--<core:ListItem id="StateID" key="{StateModel>ID}" text="{StateModel>Description}"-->
									<!--	additionalText="{StateModel>ID}"/>-->
									<core:ListItem text="{StateModel>ID}" additionalText="{StateModel>Description}"/>
								</suggestionItems>
							</MultiInput>
						</forms:fields>
					</forms:FormElement>
					<forms:FormElement id="DistrictIDEdit" label="{SSGW_MST>/ChannelPartners/DistrictID/#@sap:label}">
						<forms:label>
							<Label id="lDistrictIDEdit" text="{SSGW_MST>/ChannelPartners/DistrictID/#@sap:label}"/>
						</forms:label>
						<forms:fields>
							<MultiInput  id="fDistrictIDEdit"
								valueHelpRequest="DitrictF4" change="onChangeDistrictF4" suggestionItems="{DistrictModel>/}" suggestionItemSelected="suggestionItemDistrict"
								suggest="handleDistrictSuggest" filterSuggests="true" showSuggestion="true" width="100%" tokenUpdate="tokenChangeDistrictF4">
								<suggestionItems>
									<core:ListItem id="DistrictID" key="{DistrictModel>ID}" text="{DistrictModel>ID}" additionalText="{DistrictModel>Description}"/>
								</suggestionItems>
							</MultiInput>
						</forms:fields>
					</forms:FormElement>
					<forms:FormElement id="SubDistrictIDEdit" label="{SSGW_MST>/ChannelPartners/SubDistrictID/#@sap:label}">
						<forms:label>
							<Label id="lSubDistrictIDEdit" text="{SSGW_MST>/ChannelPartners/SubDistrictID/#@sap:label}"/>
						</forms:label>
						<forms:fields>
							
							<MultiInput  id="idSubDistrict"
								valueHelpRequest="subDistrictF4" change="onChangeSubDistrict" suggestionItems="{SubDistrictModel>/}" suggestionItemSelected="suggestionItemSubDistrict"
								suggest="handleSubDistrictSuggest" filterSuggests="true" showSuggestion="true" width="100%" tokenUpdate="tokenChangeSubDistrictF4">
								<suggestionItems>
									<core:ListItem text="{SubDistrictModel>SubDistrictID}" additionalText="{SubDistrictModel>SubDistrictDesc}"
								key="{SubDistrictModel>SubDistrictGUID}"/>
								</suggestionItems>
							</MultiInput>
							
					<!--		<MultiInput   id="idSubDistrict" change="onChangeSubDistrict" valueHelpRequest="subDistrictF4" tokenUpdate="tokenChangeSubDistrictF4"-->
					<!--	suggestionItems="{SubDistrictModel>/}" suggestionItemSelected="suggestionItemSubDistrict" suggest="handleSubDistrictSuggest"-->
					<!--	filterSuggests="true" showSuggestion="true" width="100%">-->
					<!--	<suggestionItems>-->
							<!--<core:ListItem id="SubDistrictID" key="{SubDistrictModel>SubDistrictGUID}" text="{SubDistrictModel>SubDistrictID}"-->
							<!--	additionalText="{SubDistrictModel>SubDistrictDesc}"/>-->
					<!--		<core:ListItem text="{SubDistrictModel>SubDistrictID}" additionalText="{SubDistrictModel>SubDistrictDesc}"-->
					<!--			key="{SubDistrictModel>SubDistrictGUID}"/>-->
					<!--	</suggestionItems>-->
					<!--</MultiInput>-->
						</forms:fields>
					</forms:FormElement>
					<forms:FormElement visible="false" id="CityIDEdit" label="{SSGW_MST>/ChannelPartners/CityID/#@sap:label}">
						<forms:label>
							<Label id="lCityIDEdit" text="{SSGW_MST>/ChannelPartners/CityID/#@sap:label}"/>
						</forms:label>
						<forms:fields>
							<MultiInput id="fCityIDEdit"
								valueHelpRequest="CityF4" change="onChangeCityF4" suggestionItems="{CityModel>/}" suggestionItemSelected="suggestionItemCity"
								suggest="handleCitySuggest" filterSuggests="true" showSuggestion="true" width="100%" tokenUpdate="tokenChangeCityF4">
								<suggestionItems>
									<core:ListItem id="CityModelID" key="{CityModel>ID}" text="{CityModel>ID}" additionalText="{CityModel>Description}"/>
								</suggestionItems>
							</MultiInput>
						</forms:fields>
					</forms:FormElement>
					<forms:FormElement id="TownIDEdit" label="{SSGW_MST>/ChannelPartners/TownID/#@sap:label}">
						<forms:label>
							<Label id="lTownIDEdit" text="{SSGW_MST>/ChannelPartners/TownID/#@sap:label}"/>
						</forms:label>
						<forms:fields>
							<!--<MultiInput id="fTownIDEdit" maxLength="{path: 'SSGW_MST>/ChannelPartners/TownID/#@maxLength' ,formatter: 'toInteger'}"-->
							<!--	valueHelpRequest="TownF4" tokenUpdate="tokenChangeTownF4"/>-->
								
								<MultiInput change="onChangeTown" id="fTownIDEdit"
						 suggestionItems="{TownModel>/}"
						valueHelpRequest="TownF4" suggestionItemSelected="suggestionItemTown" tokenUpdate="tokenChangeTownF4" suggest="handleTownSuggest"
						filterSuggests="true" showSuggestion="true" width="100%">
						<suggestionItems>
							<core:ListItem id="TownID"  text="{TownModel>Description}" additionalText="{TownModel>ID}" />
							
							 
						</suggestionItems>
					</MultiInput>
						</forms:fields>
					</forms:FormElement>
					<forms:FormElement id="IDWardEdit" label="{SSGW_MST>/ChannelPartners/WardName/#@sap:label}">
						<forms:label>
							<Label id="lWardIDEdit" text="{SSGW_MST>/ChannelPartners/WardName/#@sap:label}"/>
						</forms:label>
						<forms:fields>
							<!--<MultiInput id="idWard" valueHelpRequest="wardF4">-->
								
							<!--</MultiInput>-->
							
							
							<MultiInput change="onChangeWard" id="idWard"
						 suggestionItems="{WardModel>/}"
						valueHelpRequest="wardF4" suggestionItemSelected="suggestionItemWard" tokenUpdate="tokenChangeWardF4" suggest="handleWardSuggest"
						filterSuggests="true" showSuggestion="true" width="100%">
						<suggestionItems>
							<core:ListItem id="Townid"  text="{WardModel>CNSWardID}" additionalText="{WardModel>CNSWardName}" />
							
							 
						</suggestionItems>
					</MultiInput>
						</forms:fields>
					</forms:FormElement>
					<forms:FormElement id="IDActiveDateEdit" label="{SSGW_MST>/ChannelPartners/ActivationDate/#@sap:label}">
						<forms:label>
							<Label id="lActiveDateIDEdit" text="{SSGW_MST>/ChannelPartners/ActivationDate/#@sap:label}"/>
						</forms:label>
						<forms:fields>
							<DatePicker id="fActiveDateEdit" dateValue="{path:'ChannelPartners>/ActivationDate' }" displayFormat="{LocalViewSettingDtl>/DateFormat}"/>
						</forms:fields>
					</forms:FormElement>
					<forms:FormElement id="PostalCodeEdit" label="{SSGW_MST>/ChannelPartners/PostalCode/#@sap:label}">
						<forms:label>
							<Label id="lPostalCodeEdit" required="true" text="{SSGW_MST>/ChannelPartners/PostalCode/#@sap:label}"/>
						</forms:label>
						<forms:fields>
							<Input maxLength="6" value="{ChannelPartners>/PostalCode}" id="fPostalCodeEdit" liveChange="validateNumeric"/>
							<!--<Input maxLength="6" value="{path: '/number', type: 'sap.ui.model.type.String', constraints: { search: '^[0-9]*$' }}" valueLiveUpdate="true"/>-->
						</forms:fields>
					</forms:FormElement>
				</forms:formElements>
			</forms:FormContainer>
			<forms:FormContainer id="BASICDATA_FormContainer3Edit" title="Contact Details">
				<forms:formElements>
					<forms:FormElement id="Mobile1Edit" label="{SSGW_MST>/ChannelPartners/Mobile1/#@sap:label}">
						<forms:label>
							<Label id="lMobile1Edit" required="true" text="{SSGW_MST>/ChannelPartners/Mobile1/#@sap:label}"/>
						</forms:label>
						<forms:fields>
							<MaskInput mask="9999999999" value="{ChannelPartners>/Mobile1}" placeholder="Enter valid Mobile No" id="fMobile1Edit">
								<rules>
									<MaskInputRule maskFormatSymbol="9" regex="[0-9]"/>
								</rules>
							</MaskInput>
						</forms:fields>
					</forms:FormElement>
					<forms:FormElement id="lMobile2Edit" label="{SSGW_MST>/ChannelPartners/Mobile2/#@sap:label}">
						<forms:label>
							<Label id="Mobile2Edit" required="false" text="{SSGW_MST>/ChannelPartners/Mobile2/#@sap:label}"/>
						</forms:label>
						<forms:fields>
							<MaskInput mask="9999999999" value="{ChannelPartners>/Mobile2}" placeholder="Enter valid Mobile No" id="fMobile2Edit">
								<rules>
									<MaskInputRule maskFormatSymbol="9" regex="[0-9]"/>
								</rules>
							</MaskInput>
						</forms:fields>
					</forms:FormElement>
					<forms:FormElement id="lLandlineEdit" label="{SSGW_MST>/ChannelPartners/Landline/#@sap:label}">
						<forms:label>
							<Label id="LandlineEdit" required="false" text="{SSGW_MST>/ChannelPartners/Landline/#@sap:label}"/>
						</forms:label>
						<forms:fields>
							<Input value="{ChannelPartners>/Landline}" liveChange="validateNumeric"
								maxLength="{path: 'SSGW_MST>/ChannelPartners/Landline/#@maxLength' ,formatter: 'toInteger'}" id="fLandlineEdit"/>
						</forms:fields>
					</forms:FormElement>
					<forms:FormElement id="lFaxNoEdit" label="{SSGW_MST>/ChannelPartners/FaxNo/#@sap:label}">
						<forms:label>
							<Label id="FaxNoEdit" required="false" text="{SSGW_MST>/ChannelPartners/FaxNo/#@sap:label}"/>
						</forms:label>
						<forms:fields>
							<MaskInput mask="99999999999" value="{ChannelPartners>/FaxNo}" placeholder="Valid Format 99999999999" id="fFaxEdit">
								<rules>
									<MaskInputRule maskFormatSymbol="9" regex="[0-9]"/>
								</rules>
							</MaskInput>
						</forms:fields>
					</forms:FormElement>
					<forms:FormElement id="lEmailIDEdit" label="{SSGW_MST>/ChannelPartners/EmailID/#@sap:label}">
						<forms:label>
							<Label id="EmailIDEdit" required="false" text="{SSGW_MST>/ChannelPartners/EmailID/#@sap:label}"/>
						</forms:label>
						<forms:fields>
							<Input value="{path: 'ChannelPartners>/EmailID',type: 'sap.ui.model.type.Email'}"
								maxLength="{path: 'SSGW_MST>/ChannelPartners/EmailID/#@maxLength' ,formatter: 'toInteger'}" id="fEmailIDEdit"/>
						</forms:fields>
					</forms:FormElement>
					<forms:FormElement id="lLongitude" label="{SSGW_MST>/ChannelPartners/Longitude/#@sap:label}"
						visible="{= (${ChannelPartners>/CPTypeID} === '' || ${ChannelPartners>/CPTypeID} === '10' || ${ChannelPartners>/CPTypeID} === '20')? true:false }">
						<forms:label>
							<Label id="Longitude" required="false" text="{SSGW_MST>/ChannelPartners/Longitude/#@sap:label}"/>
						</forms:label>
						<forms:fields>
							<Input id="fLongitudeEdit" liveChange="com.arteriatech.ppc.utils.js.Common.formatNumber"
								maxLength="{path: 'SSGW_MST>/ChannelPartners/Longitude/#@precision' ,formatter: 'toInteger'}" value="{ path : 'ChannelPartners>/Longitude'}"
								textAlign="End" visible="{LocalViewSettingDtl>/editMode}"/>
						</forms:fields>
					</forms:FormElement>
					<forms:FormElement id="lLatitude" label="{SSGW_MST>/ChannelPartners/Latitude/#@sap:label}"
						visible="{= (${ChannelPartners>/CPTypeID} === '' || ${ChannelPartners>/CPTypeID} === '10' || ${ChannelPartners>/CPTypeID} === '20')? true:false }">
						<forms:label>
							<Label id="Latitude" required="false" text="{SSGW_MST>/ChannelPartners/Latitude/#@sap:label}"/>
						</forms:label>
						<forms:fields>
							<Input id="fLatitudeEdit" liveChange="com.arteriatech.ppc.utils.js.Common.formatNumber"
								maxLength="{path: 'SSGW_MST>/ChannelPartners/Latitude/#@precision' ,formatter: 'toInteger'}" value="{ path : 'ChannelPartners>/Latitude'}"
								textAlign="End" visible="{LocalViewSettingDtl>/editMode}"/>
						</forms:fields>
					</forms:FormElement>
					<!--<forms:FormElement id="IDBillseriesEdit" label="{SSGW_MST>/CPDMSDivisions/BillSeries/#@sap:label}">-->
					<!--	<forms:label>-->
					<!--		<Label id="lBillSeriesEdit" text="{SSGW_MST>/CPDMSDivisions/BillSeries/#@sap:label}"/>-->
					<!--	</forms:label>-->
					<!--	<forms:fields>-->
					<!--		<Select autoAdjustWidth="true" selectedKey="{ChannelPartners>/BillSeries}" id="idBillSeriesDD" items="{BillSeriesModel>/}">-->
					<!--			<core:ListItem id="cBillSeries_item" key="{BillSeriesModel>CustomerNo}"-->
					<!--				text="{BillSeriesModel>CustomerNo}{BillSeriesModel>Seperator}{BillSeriesModel>Name}" tooltip="{BillSeriesModel>Name}"></core:ListItem>-->
					<!--		</Select>-->
					<!--	</forms:fields>-->
					<!--</forms:FormElement>-->
					<!--<forms:FormElement id="IDDowEdit" label="{SSGW_MST>/CPDMSDivisions/Dow/#@sap:label}">-->
					<!--	<forms:label>-->
					<!--		<Label id="lDowEdit" text="{SSGW_MST>/CPDMSDivisions/Dow/#@sap:label}"/>-->
					<!--	</forms:label>-->
					<!--	<forms:fields>-->
					<!--		<Select autoAdjustWidth="true" selectedKey="{ChannelPartners>/Dow}" id="idDowDD" items="{DowDD>/}">-->
					<!--			<core:ListItem id="cDow_item" key="{DowDD>CustomerNo}" text="{DowDD>CustomerNo}{DowDD>Seperator}{DowDD>Name}" tooltip="{DowDD>Name}"></core:ListItem>-->
					<!--		</Select>-->
					<!--	</forms:fields>-->
					<!--</forms:FormElement>-->
					<!--<forms:FormElement id="IDFreqOfDispatchEdit" label="{SSGW_MST>/CPDMSDivisions/FreqOfDispatch/#@sap:label}">-->
					<!--	<forms:label>-->
					<!--		<Label id="lFreqOfDispatchEdit" text="{SSGW_MST>/CPDMSDivisions/FreqOfDispatch/#@sap:label}"/>-->
					<!--	</forms:label>-->
					<!--	<forms:fields>-->
					<!--		<Select autoAdjustWidth="true" selectedKey="{ChannelPartners>/FreqOfDispatch}" id="idFreqOfDispatchDD" items="{FreqOfDispatchDD>/}">-->
					<!--			<core:ListItem id="cFreqOfDispatch_item" key="{FreqOfDispatchDD>CustomerNo}"-->
					<!--				text="{FreqOfDispatchDD>CustomerNo}{FreqOfDispatchDD>Seperator}{FreqOfDispatchDD>Name}" tooltip="{FreqOfDispatchDD>Name}"></core:ListItem>-->
					<!--		</Select>-->
					<!--	</forms:fields>-->
					<!--</forms:FormElement>-->
				</forms:formElements>
			</forms:FormContainer>
		</forms:formContainers>
	</forms:Form>
</mvc:View>