<mvc:View xmlns:mvc="sap.ui.core.mvc" xmlns:layout="sap.ui.layout" xmlns:forms="sap.ui.layout.form" xmlns="sap.m"
	controllerName="com.arteriatech.ss.cp.create1.controller.Block">
	<forms:Form id="CLASSIFICATION_Form">
		<forms:layout>
			<forms:ResponsiveGridLayout id="CLASSIFICATION_ResponsiveGridLayout" labelSpanL="4" labelSpanM="4" emptySpanL="0" emptySpanM="0"
				columnsL="3" columnsM="4"></forms:ResponsiveGridLayout>
		</forms:layout>
		<forms:formContainers>
			<forms:FormContainer id="CLASSIFICATION_FormContainer1">
				<forms:formElements>
					<!--<forms:FormElement id="lCPTypeID" label="{SSGW_MST>/ChannelPartners/CPTypeID/#@sap:label}">
						<forms:fields>
							<layout:VerticalLayout>
								<Text id="fCPTypeID" visible="{= ${LocalViewSettingDtl>/detailMode} || ${LocalViewSettingDtl>/reviewMode} }"
									text="{= ${ChannelPartners>/CPTypeDesc} !== '' ? ${ChannelPartners>/CPTypeID} +' ('+ ${ChannelPartners>/CPTypeDesc}+')' : ${ChannelPartners>/CPTypeID} }"/>
								<MultiInput maxLength="{path: 'SSGW_MST>/ChannelPartners/CPTypeID/#@maxLength' ,formatter: 'toInteger'}" id="fCPTypeIDEdit"
									valueHelpRequest="CPTypeF4" visible="{LocalViewSettingDtl>/editMode}"/>
							</layout:VerticalLayout>
						</forms:fields>
					</forms:FormElement>-->
					<!--<forms:FormElement id="lIsKeyCP" label="{SSGW_MST>/ChannelPartners/IsKeyCP/#@sap:label}">
						<forms:fields>
							<Switch id="fIsKeyCP" customTextOff="No" customTextOn="Yes" enabled="{LocalViewSettingDtl>/editMode}" state="{= ${ChannelPartners>/IsKeyCP} === 'X'? true : false }"
								editable="{LocalViewSettingDtl>/editMode}">
								<layoutData>
									<FlexItemData growFactor="1"/>
								</layoutData>
							</Switch>
						</forms:fields>
					</forms:FormElement>-->
				</forms:formElements>
			</forms:FormContainer>
			<forms:FormContainer id="CLASSIFICATION_FormContainer2">
				<forms:formElements>
					<forms:FormElement id="lRouteID" label="{SSGW_MST>/ChannelPartners/RouteID/#@sap:label}">
						<forms:fields>
							<layout:VerticalLayout>
								<Text id="fRouteID" visible="{= ${LocalViewSettingDtl>/detailMode} || ${LocalViewSettingDtl>/reviewMode} }"
									text="{= ${ChannelPartners>/RouteID} !== '' ? ${ChannelPartners>/RouteDesc} +' ('+ ${ChannelPartners>/RouteID}+')' : ${ChannelPartners>/RouteDesc} }"/>
								<MultiInput maxLength="{path: 'SSGW_MST>/ChannelPartners/RouteID/#@maxLength' ,formatter: 'toInteger'}" id="fRouteIDEdit"
									valueHelpRequest="RouteF4" visible="{LocalViewSettingDtl>/editMode}"/>
							</layout:VerticalLayout>
						</forms:fields>
					</forms:FormElement>
					<forms:FormElement id="lZoneID" label="{SSGW_MST>/ChannelPartners/ZoneID/#@sap:label}">
						<forms:fields>
							<layout:VerticalLayout>
								<Text id="fZoneID" visible="{= ${LocalViewSettingDtl>/detailMode} || ${LocalViewSettingDtl>/reviewMode} }"
									text="{= ${ChannelPartners>/ZoneID} !== '' ? ${ChannelPartners>/ZoneDesc} +' ('+ ${ChannelPartners>/ZoneID}+')' : ${ChannelPartners>/ZoneDesc} }"/>
								<MultiInput maxLength="{path: 'SSGW_MST>/ChannelPartners/ZoneID/#@maxLength' ,formatter: 'toInteger'}" id="fZoneIDEdit"
									valueHelpRequest="ZoneF4" visible="{LocalViewSettingDtl>/editMode}"/>
							</layout:VerticalLayout>
						</forms:fields>
					</forms:FormElement>
				</forms:formElements>
			</forms:FormContainer>
			<!--<forms:FormContainer id="CLASSIFICATION_FormContainer3">
				<forms:formElements>
					<forms:FormElement id="lLongitude" label="{SSGW_MST>/ChannelPartners/Longitude/#@sap:label}">
						<forms:fields>
							<layout:VerticalLayout>
								<Text id="fLongitude" text="{ChannelPartners>/Longitude}" visible="{= ${LocalViewSettingDtl>/detailMode} || ${LocalViewSettingDtl>/reviewMode} }"/>
								<Input id="fLongitudeEdit"
									value="{ path : 'ChannelPartners>/Longitude', type : 'sap.ui.model.type.Float'}"
									textAlign="End" visible="{LocalViewSettingDtl>/editMode}"/>
							</layout:VerticalLayout>
						</forms:fields>
					</forms:FormElement>
					<forms:FormElement id="lLatitude" label="{SSGW_MST>/ChannelPartners/Latitude/#@sap:label}">
						<forms:fields>
							<layout:VerticalLayout>
								<Text id="fLatitude" text="{ChannelPartners>/Latitude}" visible="{= ${LocalViewSettingDtl>/detailMode} || ${LocalViewSettingDtl>/reviewMode} }"/>
								<Input id="fLatitudeEdit"
									value="{ path : 'ChannelPartners>/Latitude', type : 'sap.ui.model.type.Float'}"
									textAlign="End" visible="{LocalViewSettingDtl>/editMode}"/>
							</layout:VerticalLayout>
						</forms:fields>
					</forms:FormElement>
				</forms:formElements>
			</forms:FormContainer>-->
		</forms:formContainers>
	</forms:Form>
</mvc:View>