<mvc:View xmlns:mvc="sap.ui.core.mvc" xmlns:layout="sap.ui.layout" xmlns:forms="sap.ui.layout.form" xmlns="sap.m"
	controllerName="com.arteriatech.ss.cp.create1.controller.Block" xmlns:core="sap.ui.core" id="ADDITIONALDATA">
	<forms:Form id="ADDITIONALDATA_Form" visible="{= ${LocalViewSettingDtl>/detailMode} || ${LocalViewSettingDtl>/reviewMode} }">
		<forms:layout>
			<forms:ResponsiveGridLayout id="ADDITIONALDATA_ResponsiveGridLayout" labelSpanL="4" labelSpanM="4" emptySpanL="0" emptySpanM="0"
				columnsL="3" columnsM="4"></forms:ResponsiveGridLayout>
		</forms:layout>
		<forms:formContainers>
			<forms:FormContainer id="ADDITIONALDATA_FormContainer1" title="">
				<forms:formElements>
					<forms:FormElement label="{SSGW_MST>/ChannelPartners/OutletSizeId/#@sap:label}">
						<forms:label>
							<Label id="LOutletSizeIdR" required="false" text="{SSGW_MST>/ChannelPartners/OutletSizeId/#@sap:label}"></Label>
						</forms:label>
						<forms:fields>
							<Text
								text="{= ${ChannelPartners>/OutletSizeId} !== '' ? ${ChannelPartners>/OutletSizeDesc} +' ('+ ${ChannelPartners>/OutletSizeId}+')' : ${ChannelPartners>/OutletSizeDesc} }"/>
							<!--<Select enabled="false" autoAdjustWidth="true" selectedKey="{ChannelPartners>/OutletSizeId}" change="onChangeOutletSize" id="FOutletSizeIdR"-->
							<!--	items="{OutletsizeDD>/}">-->
							<!--	<core:ListItem id="cOutletSize_itemR" key="{OutletsizeDD>Key}" text="{OutletsizeDD>Key}{OutletsizeDD>Seperator}{OutletsizeDD>Text}"-->
							<!--		tooltip="{OutletsizeDD>Text}"></core:ListItem>-->
							<!--</Select>-->
						</forms:fields>
					</forms:FormElement>
					<forms:FormElement label="{SSGW_MST>/ChannelPartners/OutletShapeId/#@sap:label}">
						<forms:label>
							<Label id="LOutletShapeIdR" required="false" text="{SSGW_MST>/ChannelPartners/OutletShapeId/#@sap:label}"></Label>
						</forms:label>
						<forms:fields>
							<Text
								text="{= ${ChannelPartners>/OutletShapeId} !== '' ? ${ChannelPartners>/OutletShapeDesc} +' ('+ ${ChannelPartners>/OutletShapeId}+')' : ${ChannelPartners>/OutletShapeDesc} }"/>
							<!--<Select enabled="false" autoAdjustWidth="true" selectedKey="{ChannelPartners>/OutletShapeId}" change="onChangeOutletShape"-->
							<!--	id="FOutletShapeIdR" items="{OutletshapeDD>/}">-->
							<!--	<core:ListItem id="cOutletShapeIdR" key="{OutletshapeDD>Key}" text="{OutletshapeDD>Key}{OutletshapeDD>Seperator}{OutletshapeDD>Text}"-->
							<!--		tooltip="{OutletshapeDD>Text}"></core:ListItem>-->
							<!--</Select>-->
						</forms:fields>
					</forms:FormElement>
					<forms:FormElement id="OutletLocationIdR" label="{SSGW_MST>/ChannelPartners/OutletLocId/#@sap:label}">
						<forms:label>
							<Label id="lOutletLocationIdR" required="false" text="{SSGW_MST>/ChannelPartners/OutletLocId/#@sap:label}"/>
						</forms:label>
						<forms:fields>
							<Text
								text="{= ${ChannelPartners>/OutletLocId} !== '' ? ${ChannelPartners>/OutletLocDesc} +' ('+ ${ChannelPartners>/OutletLocId}+')' : ${ChannelPartners>/OutletLocDesc} }"/>
							<!--<Select enabled="false" id="fOutletLocationIdR" selectedKey="{ChannelPartners>/OutletLocId}" change="onChangeOutletLocation"-->
							<!--	items="{OutletlocationDD>/}">-->
							<!--	<core:Item key="{OutletlocationDD>Key}" text="{OutletlocationDD>Key} {OutletlocationDD>Seperator} {OutletlocationDD>Text}"-->
							<!--		tooltip="{OutletlocationDD>Text}"></core:Item>-->
							<!--</Select>-->
						</forms:fields>
					</forms:FormElement>
					<forms:FormElement id="OpeningTimeR" label="{SSGW_MST>/ChannelPartners/OpeningTime/#@sap:label}">
						<forms:label>
							<Label id="lOpeningTimeR" required="false" text="{SSGW_MST>/ChannelPartners/OpeningTime/#@sap:label}"/>
						</forms:label>
						<forms:fields>
							<Text text="{LocalViewSettingDtl>/OpeningTime}"/>
							<!--<TimePicker enabled="false" id="fOpeningTimeR" value="{LocalViewSettingDtl>/OpeningTime}" valueFormat="hh:mm a" displayFormat="hh:mm a"-->
							<!--	change="handleChange" placeholder="Enter Opening Time"/>-->
							<!--<Input id="fOpeningTime" value="{ChannelPartners>/Name}"-->
							<!--	maxLength="{path: 'SSGW_MST>/ChannelPartners/Name/#@maxLength' ,formatter: 'toInteger'}"/>-->
						</forms:fields>
					</forms:FormElement>
					<forms:FormElement id="ClosingTimeR" label="{SSGW_MST>/ChannelPartners/ClosingTime/#@sap:label}">
						<forms:label>
							<Label id="lClosingTimeR" required="false" text="{SSGW_MST>/ChannelPartners/ClosingTime/#@sap:label}"/>
						</forms:label>
						<forms:fields>
							<Text text="{LocalViewSettingDtl>/ClosingTime}"/>
							<!--<TimePicker enabled="false" id="fClosingTimeR" value="{LocalViewSettingDtl>/ClosingTime}" valueFormat="hh:mm a" displayFormat="hh:mm a"-->
							<!--	change="handleChange" placeholder="Enter Closing Time"/>-->
							<!--<Input id="fOwnerNameEdit" value="{path:'ChannelPartners>/OwnerName' }"-->
							<!--	maxLength="{path: 'SSGW_MST>/ChannelPartners/OwnerName/#@maxLength' ,formatter: 'toInteger'}"/>-->
						</forms:fields>
					</forms:FormElement>
					<forms:FormElement id="LunchTimeR" label="{SSGW_MST>/ChannelPartners/LunchTime/#@sap:label}">
						<forms:label>
							<Label id="lLunchTimeR" required="false" text="{SSGW_MST>/ChannelPartners/LunchTime/#@sap:label}"/>
						</forms:label>
						<forms:fields>
							<Text text="{LocalViewSettingDtl>/LunchTime}"/>
							<!--<TimePicker enabled="false" value="{LocalViewSettingDtl>/LunchTime}" id="fLunchTimeR" valueFormat="hh:mm a" displayFormat="hh:mm a"-->
							<!--	change="handleChange" placeholder="Enter Lunch Time"/>-->
							<!--<Input id="fLunchTime" value="{path:'ChannelPartners>/LunchTime' }"/>-->
						</forms:fields>
					</forms:FormElement>
					<forms:FormElement id="NoOfCountersR" label="No Of Counters">
						<forms:label>
							<Label id="lNoOfCountersR" required="false" text="No Of Counters"/>
						</forms:label>
						<forms:fields>
							<Text text="{ChannelPartners>/NoOfCounters}"/>
						</forms:fields>
					</forms:FormElement>
					<forms:FormElement id="NoOfWindowDisplayR" label="No Of Window Display">
						<forms:label>
							<Label id="INoOfWindowDisplayR" required="false" text="No Of Window Display"/>
						</forms:label>
						<forms:fields>
							<Text text="{ChannelPartners>/NoOfWindowDisp}"/>
							<!--<Input enabled="false" id="fNoOfWindowDisplayR" value="{path:'ChannelPartners>/NoOfWindowDisp'}"-->
							<!--	maxLength="{path: 'SSGW_MST>/ChannelPartners/NoOfWindowDisp/#@maxLength' ,formatter: 'toInteger'}"/>-->
						</forms:fields>
					</forms:FormElement>
				</forms:formElements>
			</forms:FormContainer>
			<forms:FormContainer id="ADDITIONALDATA_FormContainer2" title="">
				<forms:formElements>
					<forms:FormElement id="HomeDeliveryAvlR" label="Is Home Delivery Available">
						<forms:label>
							<Label id="lHomeDeliveryAvlR" required="false" text="Is Home Delivery Available"/>
						</forms:label>
						<forms:fields>
							<Text text="{LocalViewSettingDtl>/HomeDelivery}"/>
							<!--<Select enabled="false" id="fHomeDeliveryR" selectedKey="{ChannelPartners>/IsHomedlvryAvl}" change="onChangeHomeDelivery"-->
							<!--	items="{YesNoDD>/}">-->
							<!--	<core:Item key="{YesNoDD>Key}" text="{YesNoDD>Text}" tooltip="{YesNoDD>Text}"></core:Item>-->
							<!--</Select>-->
						</forms:fields>
					</forms:FormElement>
					<forms:FormElement id="PhoneOrderAvlR" label="Is Phone Order Available">
						<forms:label>
							<Label id="lPhoneOrderAvlR" required="false" text="Is Phone Order Available"/>
						</forms:label>
						<forms:fields>
							<Text text="{LocalViewSettingDtl>/PhoneOrder}"/>
							<!--<Select enabled="false" selectedKey="{ChannelPartners>/IsPhOrderAvl}" change="onChangePhoneOrderAvl" id="fPhoneOrderR" items="{YesNoDD>/}">-->
							<!--	<core:Item key="{YesNoDD>Key}" text="{YesNoDD>Text}" tooltip="{YesNoDD>Text}"></core:Item>-->
							<!--</Select>-->
						</forms:fields>
					</forms:FormElement>
					<forms:FormElement id="ComputerBillingAvlR" label="Is Computer Billing Available">
						<forms:label>
							<Label id="lComputerBillingAvlR" required="false" text="Is Computer Billing Available"/>
						</forms:label>
						<forms:fields>
							<Text text="{LocalViewSettingDtl>/ComputerBilling}"/>
							<!--<Select enabled="false" selectedKey="{ChannelPartners>/IsCompBillAvl}" id="fComputerBillingR" items="{YesNoDD>/}">-->
							<!--	<core:Item key="{YesNoDD>Key}" text="{YesNoDD>Text}" tooltip="{YesNoDD>Text}"></core:Item>-->
							<!--</Select>-->
						</forms:fields>
					</forms:FormElement>
					<forms:FormElement id="HospitalNearByR" label="Is Hospital NearBy">
						<forms:label>
							<Label id="lHospitalNearByR" required="false" text="Is Hospital NearBy"/>
						</forms:label>
						<forms:fields>
							<Text text="{LocalViewSettingDtl>/HospitalNear}"/>
							<!--<Select enabled="false" selectedKey="{ChannelPartners>/IsHsptlNearBy}" id="fHospitalNearByR" items="{YesNoDD>/}">-->
							<!--	<core:Item key="{YesNoDD>Key}" text="{YesNoDD>Text}" tooltip="{YesNoDD>Text}"></core:Item>-->
							<!--</Select>-->
						</forms:fields>
					</forms:FormElement>
					<forms:FormElement id="EduInsAvlR" label="Is Educational Institutions Available">
						<forms:label>
							<Label id="lEduInsAvlR" required="false" text="Is Educational Institutions Available"/>
						</forms:label>
						<forms:fields>
							<Text text="{LocalViewSettingDtl>/EdcNear}"/>
							<!--<Select enabled="false" selectedKey="{ChannelPartners>/IsEduInstNrby}" id="fEduInsAvlR" items="{YesNoDD>/}">-->
							<!--	<core:Item key="{YesNoDD>Key}" text="{YesNoDD>Text}" tooltip="{YesNoDD>Text}"></core:Item>-->
							<!--</Select>-->
						</forms:fields>
					</forms:FormElement>
					<forms:FormElement id="SmtPhneAvlR" label="Is Smart Phone Available">
						<forms:label>
							<Label id="lSmtPhneAvlR" required="false" text="Is Smart Phone Available"/>
						</forms:label>
						<forms:fields>
							<Text text="{LocalViewSettingDtl>/SmartPhone}"/>
							<!--<Select enabled="false" selectedKey="{ChannelPartners>/IsSmartPhAvl}" id="fSmtPhneAvlR" items="{YesNoDD>/}">-->
							<!--	<core:Item key="{YesNoDD>Key}" text="{YesNoDD>Text}" tooltip="{YesNoDD>Text}"></core:Item>-->
							<!--</Select>-->
						</forms:fields>
					</forms:FormElement>
				</forms:formElements>
			</forms:FormContainer>
		</forms:formContainers>
	</forms:Form>
	<forms:Form editable="true" id="ADDITIONALDATA_Form_Edit" width="100%" visible="{LocalViewSettingDtl>/editMode}">
		<forms:layout>
			<forms:ResponsiveGridLayout id="ADDITIONALDATA_ResponsiveGridLayoutEdit" labelSpanL="4" labelSpanM="4" emptySpanL="0" emptySpanM="0"
				columnsL="3" columnsM="4"></forms:ResponsiveGridLayout>
		</forms:layout>
		<forms:formContainers>
			<forms:FormContainer id="BASICDATA_FormContainer1Edit" title="">
				<forms:formElements>
					<forms:FormElement label="{SSGW_MST>/ChannelPartners/OutletSizeId/#@sap:label}">
						<forms:label>
							<Label id="LOutletSizeId" required="false" text="{SSGW_MST>/ChannelPartners/OutletSizeId/#@sap:label}"></Label>
						</forms:label>
						<forms:fields>
							<Select autoAdjustWidth="true" selectedKey="{ChannelPartners>/OutletSizeId}" change="onChangeOutletSize" id="FOutletSizeId"
								items="{OutletsizeDD>/}">
								<core:ListItem id="cOutletSize_item" key="{OutletsizeDD>Key}" text="{OutletsizeDD>Key}{OutletsizeDD>Seperator}{OutletsizeDD>Text}"
									tooltip="{OutletsizeDD>Text}"></core:ListItem>
							</Select>
						</forms:fields>
					</forms:FormElement>
					<forms:FormElement label="{SSGW_MST>/ChannelPartners/OutletShapeId/#@sap:label}">
						<forms:label>
							<Label id="LOutletShapeId" required="false" text="{SSGW_MST>/ChannelPartners/OutletShapeId/#@sap:label}"></Label>
						</forms:label>
						<forms:fields>
							<Select autoAdjustWidth="true" selectedKey="{ChannelPartners>/OutletShapeId}" change="onChangeOutletShape" id="FOutletShapeId"
								items="{OutletshapeDD>/}">
								<core:ListItem id="cOutletShapeId" key="{OutletshapeDD>Key}" text="{OutletshapeDD>Key}{OutletshapeDD>Seperator}{OutletshapeDD>Text}"
									tooltip="{OutletshapeDD>Text}"></core:ListItem>
							</Select>
						</forms:fields>
					</forms:FormElement>
					<forms:FormElement id="OutletLocationId" label="{SSGW_MST>/ChannelPartners/OutletLocId/#@sap:label}">
						<forms:label>
							<Label id="lOutletLocationId" required="false" text="{SSGW_MST>/ChannelPartners/OutletLocId/#@sap:label}"/>
						</forms:label>
						<forms:fields>
							<Select id="fOutletLocationId" selectedKey="{ChannelPartners>/OutletLocId}" change="onChangeOutletLocation" items="{OutletlocationDD>/}">
								<core:Item key="{OutletlocationDD>Key}" text="{OutletlocationDD>Key} {OutletlocationDD>Seperator} {OutletlocationDD>Text}"
									tooltip="{OutletlocationDD>Text}"></core:Item>
							</Select>
						</forms:fields>
					</forms:FormElement>
					<forms:FormElement id="OpeningTime" label="{SSGW_MST>/ChannelPartners/OpeningTime/#@sap:label}">
						<forms:label>
							<Label id="lOpeningTime" required="false" text="{SSGW_MST>/ChannelPartners/OpeningTime/#@sap:label}"/>
						</forms:label>
						<forms:fields>
							<TimePicker id="fOpeningTime" value="{LocalViewSettingDtl>/OpeningTime}" valueFormat="HH:mm" displayFormat="HH:mm"
								change="onOpeningTimeChange" support2400="true" placeholder="Enter Opening Time"/>
							<!--<Input id="fOpeningTime" value="{ChannelPartners>/Name}"-->
							<!--	maxLength="{path: 'SSGW_MST>/ChannelPartners/Name/#@maxLength' ,formatter: 'toInteger'}"/>-->
						</forms:fields>
					</forms:FormElement>
					<forms:FormElement id="ClosingTime" label="{SSGW_MST>/ChannelPartners/ClosingTime/#@sap:label}">
						<forms:label>
							<Label id="lClosingTime" required="false" text="{SSGW_MST>/ChannelPartners/ClosingTime/#@sap:label}"/>
						</forms:label>
						<forms:fields>
							<TimePicker id="fClosingTime" value="{LocalViewSettingDtl>/ClosingTime}" valueFormat="HH:mm" displayFormat="HH:mm"
								change="onClosingTimeChange" support2400="true" placeholder="Enter Closing Time"/>
							<!--<Input id="fOwnerNameEdit" value="{path:'ChannelPartners>/OwnerName' }"-->
							<!--	maxLength="{path: 'SSGW_MST>/ChannelPartners/OwnerName/#@maxLength' ,formatter: 'toInteger'}"/>-->
						</forms:fields>
					</forms:FormElement>
					<forms:FormElement id="LunchTime" label="{SSGW_MST>/ChannelPartners/LunchTime/#@sap:label}">
						<forms:label>
							<Label id="lLunchTime" required="false" text="{SSGW_MST>/ChannelPartners/LunchTime/#@sap:label}"/>
						</forms:label>
						<forms:fields>
							<TimePicker value="{LocalViewSettingDtl>/LunchTime}" id="fLunchTime" valueFormat="HH:mm" displayFormat="HH:mm" change="onLunchTimeChange"
								support2400="true" placeholder="Enter Lunch Time"/>
							<!--<Input id="fLunchTime" value="{path:'ChannelPartners>/LunchTime' }"/>-->
						</forms:fields>
					</forms:FormElement>
					<forms:FormElement id="NoOfCounters" label="{SSGW_MST>/ChannelPartners/NoOfCounters/#@sap:label}">
						<forms:label>
							<Label id="lNoOfCounters" required="false" text="{SSGW_MST>/ChannelPartners/NoOfCounters/#@sap:label}"/>
						</forms:label>
						<forms:fields>
							<Input id="fNoOfCounters" value="{path:'ChannelPartners>/NoOfCounters' }"
								maxLength="{path: 'SSGW_MST>/ChannelPartners/NoOfCounters/#@maxLength' ,formatter: 'toInteger'}"/>
						</forms:fields>
					</forms:FormElement>
					<forms:FormElement id="NoOfWindowDisplay" label="{SSGW_MST>/ChannelPartners/NoOfWindowDisp/#@sap:label}">
						<forms:label>
							<Label id="INoOfWindowDisplay" required="false" text="{SSGW_MST>/ChannelPartners/NoOfWindowDisp/#@sap:label}"/>
						</forms:label>
						<forms:fields>
							<Input id="fNoOfWindowDisplay" value="{path:'ChannelPartners>/NoOfWindowDisp'}"
								maxLength="{path: 'SSGW_MST>/ChannelPartners/NoOfWindowDisp/#@maxLength' ,formatter: 'toInteger'}"/>
						</forms:fields>
					</forms:FormElement>
				</forms:formElements>
			</forms:FormContainer>
			<forms:FormContainer id="ADDITIONALDATA_FormContainer2Edit" title="">
				<forms:formElements>
					<forms:FormElement id="HomeDeliveryAvl" label="Is Home Delivery Available">
						<forms:label>
							<Label id="lHomeDeliveryAvl" required="false" text="Is Home Delivery Available"/>
						</forms:label>
						<forms:fields>
							<Select id="fHomeDelivery" selectedKey="{ChannelPartners>/IsHomedlvryAvl}" change="onChangeHomeDelivery" items="{YesNoDD>/}">
								<core:Item key="{YesNoDD>Key}" text="{YesNoDD>Text}" tooltip="{YesNoDD>Text}"></core:Item>
							</Select>
						</forms:fields>
					</forms:FormElement>
					<forms:FormElement id="PhoneOrderAvl" label="Is Phone Order Available">
						<forms:label>
							<Label id="lPhoneOrderAvl" required="false" text="Is Phone Order Available"/>
						</forms:label>
						<forms:fields>
							<Select selectedKey="{ChannelPartners>/IsPhOrderAvl}" change="onChangePhoneOrderAvl" id="fPhoneOrder" items="{YesNoDD>/}">
								<core:Item key="{YesNoDD>Key}" text="{YesNoDD>Text}" tooltip="{YesNoDD>Text}"></core:Item>
							</Select>
						</forms:fields>
					</forms:FormElement>
					<forms:FormElement id="ComputerBillingAvl" label="Is Computer Billing Available">
						<forms:label>
							<Label id="lComputerBillingAvl" required="false" text="Is Computer Billing Available"/>
						</forms:label>
						<forms:fields>
							<Select selectedKey="{ChannelPartners>/IsCompBillAvl}" change="onChangeComputerBilling" id="fComputerBilling" items="{YesNoDD>/}">
								<core:Item key="{YesNoDD>Key}" text="{YesNoDD>Text}" tooltip="{YesNoDD>Text}"></core:Item>
							</Select>
						</forms:fields>
					</forms:FormElement>
					<forms:FormElement id="HospitalNearBy" label="Is Hospital NearBy">
						<forms:label>
							<Label id="lHospitalNearBy" required="false" text="Is Hospital NearBy"/>
						</forms:label>
						<forms:fields>
							<Select selectedKey="{ChannelPartners>/IsHsptlNearBy}" change="onChangeHospitalNearBy" id="fHospitalNearBy" items="{YesNoDD>/}">
								<core:Item key="{YesNoDD>Key}" text="{YesNoDD>Text}" tooltip="{YesNoDD>Text}"></core:Item>
							</Select>
						</forms:fields>
					</forms:FormElement>
					<forms:FormElement id="EduInsAvl" label="Is Educational Institutions Available">
						<forms:label>
							<Label id="lEduInsAvl" required="false" text="Is Educational Institutions Available"/>
						</forms:label>
						<forms:fields>
							<Select selectedKey="{ChannelPartners>/IsEduInstNrby}" change="onChangeEduInsAvl" id="fEduInsAvl" items="{YesNoDD>/}">
								<core:Item key="{YesNoDD>Key}" text="{YesNoDD>Text}" tooltip="{YesNoDD>Text}"></core:Item>
							</Select>
						</forms:fields>
					</forms:FormElement>
					<forms:FormElement id="SmtPhneAvl" label="Is Smart Phone Available">
						<forms:label>
							<Label id="lSmtPhneAvl" required="false" text="Is Smart Phone Available"/>
						</forms:label>
						<forms:fields>
							<Select selectedKey="{ChannelPartners>/IsSmartPhAvl}" change="onChangeSmtPhneAvl" id="fSmtPhneAvl" items="{YesNoDD>/}">
								<core:Item key="{YesNoDD>Key}" text="{YesNoDD>Text}" tooltip="{YesNoDD>Text}"></core:Item>
							</Select>
						</forms:fields>
					</forms:FormElement>
				</forms:formElements>
			</forms:FormContainer>
		</forms:formContainers>
	</forms:Form>
</mvc:View>