<core:View xmlns:core="sap.ui.core" xmlns:mvc="sap.ui.core.mvc" xmlns="sap.m" xmlns:table="sap.ui.table" class="sapUiSizeCompact"
	xmlns:forms="sap.ui.layout.form" controllerName="com.arteriatech.ss.cp.create1.controller.CPDetailClassficationGroups"
	xmlns:html="http://www.w3.org/1999/xhtml" xmlns:layout="sap.ui.layout" xmlns:uxap="sap.uxap" xmlns:l="sap.ui.layout"
	xmlns:f="sap.ui.layout.form">
	<forms:Form editable="true" id="BASICDATA_Form_Edit" width="100%" visible="true">
		<forms:layout >
			<forms:ResponsiveGridLayout labelSpanL="4" labelSpanM="4" emptySpanL="0" emptySpanM="0" columnsL="3" columnsM="4"></forms:ResponsiveGridLayout>
		</forms:layout>
		<forms:formContainers>
			<forms:FormContainer id="BASICDATA_FormContainer1Edit" title="">
				<forms:formElements>
					<forms:FormElement>
						<forms:label>
							<Label id="idLabelGroup1" required="{LocalViewSettingDtl>/editMode}" text="{SSGW_MST>/CPDMSDivisions/Group1/#@sap:label}"/>
						</forms:label>
						<forms:fields>
							<layout:VerticalLayout>
								<Text tooltip="{SSGW_MST>/CPDMSDivisions/Group1/#@sap:label}"
									visible="{= ${LocalViewSettingDtl>/detailMode} || ${LocalViewSettingDtl>/reviewMode} }"
									text="{= ${CPGroupTemp>/Group1} !== '' ? ${CPGroupTemp>/Group1Desc} +' ('+ ${CPGroupTemp>/Group1}+')' : ${CPGroupTemp>/Group1Desc} }"/>
								<Select id="idSelectGroup1" change="Group2DD" width="100%" items="{path: 'Group1DD>/', templateShareable : true}"
									selectedKey="{CPGroupTemp>/Group1}" visible="{LocalViewSettingDtl>/editMode}">
									<core:ListItem key="{Group1DD>Key}" text="{Group1DD>Key} {Group1DD>Seperator} {Group1DD>Text}" tooltip="{Group1DD>Text}"></core:ListItem>
								</Select>
							</layout:VerticalLayout>
						</forms:fields>
					</forms:FormElement>
					<forms:FormElement>
						<forms:label>
							<Label required="{LocalViewSettingDtl>/editMode}" id="idLabelGroup2" text="{SSGW_MST>/CPDMSDivisions/Group2/#@sap:label}"/>
						</forms:label>
						<forms:fields>
							<layout:VerticalLayout>
								<Text tooltip="{SSGW_MST>/CPDMSDivisions/Group2/#@sap:label}"
									visible="{= ${LocalViewSettingDtl>/detailMode} || ${LocalViewSettingDtl>/reviewMode} }"
									text="{= ${CPGroupTemp>/Group2} !== '' ? ${CPGroupTemp>/Group2Desc} +' ('+ ${CPGroupTemp>/Group2}+')' : ${CPGroupTemp>/Group2Desc} }"/>
								<Select id="idSelectGroup2" change="Group3DD" width="100%" items="{path: 'Group2DD>/', templateShareable : true}"
									selectedKey="{CPGroupTemp>/Group2}" visible="{LocalViewSettingDtl>/editMode}">
									<core:ListItem key="{Group2DD>Key}" text="{Group2DD>Key} {Group2DD>Seperator} {Group2DD>Text}" tooltip="{Group2DD>Text}"></core:ListItem>
								</Select>
							</layout:VerticalLayout>
						</forms:fields>
					</forms:FormElement>
					<forms:FormElement>
						<forms:label>
							<Label text="{SSGW_MST>/CPDMSDivisions/Group3/#@sap:label}"/>
						</forms:label>
						<forms:fields>
							<layout:VerticalLayout>
								<Text tooltip="{SSGW_MST>/CPDMSDivisions/Group3/#@sap:label}"
									visible="{= ${LocalViewSettingDtl>/detailMode} || ${LocalViewSettingDtl>/reviewMode} }"
									text="{= ${CPGroupTemp>/Group3} !== '' ? ${CPGroupTemp>/Group3Desc} +' ('+ ${CPGroupTemp>/Group3}+')' : ${CPGroupTemp>/Group3Desc} }"/>
								<Select change="onChangeGroup3DD" width="100%" items="{path: 'Group3DD>/', templateShareable : true}" selectedKey="{CPGroupTemp>/Group3}"
									visible="{LocalViewSettingDtl>/editMode}">
									<core:ListItem key="{Group3DD>Key}" text="{Group3DD>Key} {Group3DD>Seperator} {Group3DD>Text}" tooltip="{Group3DD>Text}"></core:ListItem>
								</Select>
							</layout:VerticalLayout>
						</forms:fields>
					</forms:FormElement>
					<forms:FormElement>
						<forms:label>
							<Label text="{SSGW_MST>/CPDMSDivisions/Group4/#@sap:label}"/>
						</forms:label>
						<forms:fields>
							<layout:VerticalLayout>
								<Text tooltip="{SSGW_MST>/CPDMSDivisions/Group4/#@sap:label}"
									visible="{= ${LocalViewSettingDtl>/detailMode} || ${LocalViewSettingDtl>/reviewMode} }"
									text="{= ${CPGroupTemp>/Group4} !== '' ? ${CPGroupTemp>/Group4Desc} +' ('+ ${CPGroupTemp>/Group4}+')' : ${CPGroupTemp>/Group4Desc} }"/>
								<Select change="onChangeGroup4DD" width="100%" items="{path: 'Group4DD>/', templateShareable : true}" selectedKey="{CPGroupTemp>/Group4}"
									visible="{LocalViewSettingDtl>/editMode}">
									<core:ListItem key="{Group4DD>Key}" text="{Group4DD>Key} {Group4DD>Seperator} {Group4DD>Text}" tooltip="{Group4DD>Text}"></core:ListItem>
								</Select>
							</layout:VerticalLayout>
						</forms:fields>
					</forms:FormElement>
					<forms:FormElement>
						<forms:label>
							<Label text="{SSGW_MST>/CPDMSDivisions/Group5/#@sap:label}"/>
						</forms:label>
						<forms:fields>
							<layout:VerticalLayout>
								<Text tooltip="{SSGW_MST>/CPDMSDivisions/Group5/#@sap:label}"
									visible="{= ${LocalViewSettingDtl>/detailMode} || ${LocalViewSettingDtl>/reviewMode} }"
									text="{= ${CPGroupTemp>/Group5} !== '' ? ${CPGroupTemp>/Group5Desc} +' ('+ ${CPGroupTemp>/Group5}+')' : ${CPGroupTemp>/Group5Desc} }"/>
								<Select change="onChangeGroup5DD" width="100%" items="{path: 'Group5DD>/', templateShareable : true}" selectedKey="{CPGroupTemp>/Group5}"
									visible="{LocalViewSettingDtl>/editMode}">
									<core:ListItem key="{Group5DD>Key}" text="{Group5DD>Key} {Group5DD>Seperator} {Group5DD>Text}" tooltip="{Group5DD>Text}"></core:ListItem>
								</Select>
							</layout:VerticalLayout>
						</forms:fields>
					</forms:FormElement>
				</forms:formElements>
			</forms:FormContainer>
			<forms:FormContainer title="">
				<forms:formElements>
					<forms:FormElement >
						<forms:label>
							<Label id="lGroup6" text="{SSGW_MST>/CPDMSDivisions/Group6/#@sap:label}"/>
						</forms:label>
						<forms:fields>
							<layout:VerticalLayout>
								<Text id="fGroup6" tooltip="{SSGW_MST>/CPDMSDivisions/Group6/#@sap:label}"
									visible="{= ${LocalViewSettingDtl>/detailMode} || ${LocalViewSettingDtl>/reviewMode} }"
									text="{= ${CPGroupTemp>/Group6} !== '' ? ${CPGroupTemp>/Group6Desc} +' ('+ ${CPGroupTemp>/Group6}+')' : ${CPGroupTemp>/Group6Desc} }"/>
								<Select width="100%" id="fGroup6Edit" items="{path: 'Group6DD>/', templateShareable : true}" selectedKey="{CPGroupTemp>/Group6}"
									change="onGroup6" visible="{LocalViewSettingDtl>/editMode}">
									<core:ListItem key="{Group6DD>Key}" text="{Group6DD>Key} {Group6DD>Seperator} {Group6DD>Text}" tooltip="{Group6DD>Text}"></core:ListItem>
								</Select>
							</layout:VerticalLayout>
						</forms:fields>
					</forms:FormElement>
					<forms:FormElement >
						<forms:label>
							<Label id="lGroup7" text="{SSGW_MST>/CPDMSDivisions/Group7/#@sap:label}"/>
						</forms:label>
						<forms:fields>
							<layout:VerticalLayout>
								<Text id="fGroup7" tooltip="{SSGW_MST>/CPDMSDivisions/Group7/#@sap:label}"
									visible="{= ${LocalViewSettingDtl>/detailMode} || ${LocalViewSettingDtl>/reviewMode} }"
									text="{= ${CPGroupTemp>/Group7} !== '' ? ${CPGroupTemp>/Group7Desc} +' ('+ ${CPGroupTemp>/Group7}+')' : ${CPGroupTemp>/Group7Desc} }"/>
								<Select width="100%" id="fGroup7Edit" items="{path: 'Group7DD>/', templateShareable : true}" selectedKey="{CPGroupTemp>/Group7}"
									change="onGroup7" visible="{LocalViewSettingDtl>/editMode}">
									<core:ListItem key="{Group7DD>Key}" text="{Group7DD>Key} {Group7DD>Seperator} {Group7DD>Text}" tooltip="{Group7DD>Text}"></core:ListItem>
								</Select>
							</layout:VerticalLayout>
						</forms:fields>
					</forms:FormElement>
					<forms:FormElement >
						<forms:label>
							<Label id="lGroup8" text="{SSGW_MST>/CPDMSDivisions/Group8/#@sap:label}"/>
						</forms:label>
						<forms:fields>
							<layout:VerticalLayout>
								<Text id="fGroup8" tooltip="{SSGW_MST>/CPDMSDivisions/Group8/#@sap:label}"
									visible="{= ${LocalViewSettingDtl>/detailMode} || ${LocalViewSettingDtl>/reviewMode} }"
									text="{= ${CPGroupTemp>/Group8} !== '' ? ${CPGroupTemp>/Group8Desc} +' ('+ ${CPGroupTemp>/Group8}+')' : ${CPGroupTemp>/Group8Desc} }"/>
								<Select width="100%" id="fGroup8Edit" items="{path: 'Group8DD>/', templateShareable : true}" selectedKey="{CPGroupTemp>/Group8}"
									change="onGroup8" visible="{LocalViewSettingDtl>/editMode}">
									<core:ListItem key="{Group8DD>Key}" text="{Group8DD>Key} {Group8DD>Seperator} {Group8DD>Text}" tooltip="{Group8DD>Text}"></core:ListItem>
								</Select>
							</layout:VerticalLayout>
						</forms:fields>
					</forms:FormElement>
					<forms:FormElement >
						<forms:label>
							<Label id="lGroup9" text="{SSGW_MST>/CPDMSDivisions/Group9/#@sap:label}"/>
						</forms:label>
						<forms:fields>
							<layout:VerticalLayout>
								<Text id="fGroup9" tooltip="{SSGW_MST>/CPDMSDivisions/Group9/#@sap:label}"
									visible="{= ${LocalViewSettingDtl>/detailMode} || ${LocalViewSettingDtl>/reviewMode} }"
									text="{= ${CPGroupTemp>/Group9} !== '' ? ${CPGroupTemp>/Group9Desc} +' ('+ ${CPGroupTemp>/Group9}+')' : ${CPGroupTemp>/Group9Desc} }"/>
								<Select width="100%" id="fGroup9Edit" items="{path: 'Group9DD>/', templateShareable : true}" selectedKey="{CPGroupTemp>/Group9}"
									change="onGroup9" visible="{LocalViewSettingDtl>/editMode}">
									<core:ListItem key="{Group9DD>Key}" text="{Group9DD>Key} {Group9DD>Seperator} {Group9DD>Text}" tooltip="{Group9DD>Text}"></core:ListItem>
								</Select>
							</layout:VerticalLayout>
						</forms:fields>
					</forms:FormElement>
					<forms:FormElement >
						<forms:label>
							<Label id="lGroup10" text="{SSGW_MST>/CPDMSDivisions/Group10/#@sap:label}"/>
						</forms:label>
						<forms:fields>
							<layout:VerticalLayout>
								<Text id="fGroup10" tooltip="{SSGW_MST>/CPDMSDivisions/Group10/#@sap:label}"
									visible="{= ${LocalViewSettingDtl>/detailMode} || ${LocalViewSettingDtl>/reviewMode} }"
									text="{= ${CPGroupTemp>/Group10} !== '' ? ${CPGroupTemp>/Group10Desc} +' ('+ ${CPGroupTemp>/Group10}+')' : ${CPGroupTemp>/Group10Desc} }"/>
								<Select width="100%" id="fGroup10Edit" items="{path: 'Group10DD>/', templateShareable : true}" selectedKey="{CPGroupTemp>/Group10}"
									change="onGroup10" visible="{LocalViewSettingDtl>/editMode}">
									<core:ListItem key="{Group10DD>Key}" text="{Group10DD>Key} {Group10DD>Seperator} {Group10DD>Text}" tooltip="{Group10DD>Text}"></core:ListItem>
								</Select>
							</layout:VerticalLayout>
						</forms:fields>
					</forms:FormElement>
				</forms:formElements>
			</forms:FormContainer>
			<forms:FormContainer title="">
				<forms:formElements>
					<forms:FormElement>
						<forms:label >
							<Label text="{SSGW_MST>/CPDMSDivisions/DistanceFromParent/#@sap:label}"/>
						</forms:label>
						<forms:fields>
							<layout:VerticalLayout>
								<Text visible="{= ${LocalViewSettingDtl>/detailMode} || ${LocalViewSettingDtl>/reviewMode} }"
									tooltip="{SSGW_MST>/CPDMSDivisions/DistanceFromParent/#@sap:label}: { path : 'CPGroupTemp>/DistanceFromParent', type : 'sap.ui.model.odata.type.Decimal'}"
									text="{= ${CPGroupTemp>/DistanceFromParent} !== ''? ${CPGroupTemp>/DistanceFromParent}+' '+${CPGroupTemp>/DstnceFromPUOM}+'': ''}"/>
								<Input valueState="{CPGroupTemp>/CreditLimitValueState}" valueStateText="{CPGroupTemp>/CreditLimitValueStateText}"
									class="sapUiSmallMarginEnd" liveChange="validateNumeric" maxLength="10" visible="{LocalViewSettingDtl>/editMode}"
									tooltip="{SSGW_MST>/CPDMSDivisions/DistanceFromParent/#@sap:label}: { path : 'CPGroupTemp>/DistanceFromParent', type : 'sap.ui.model.odata.type.Decimal', constraints: { precision: 10, scale: 2} }"
									value="{ path : 'CPGroupTemp>/DistanceFromParent'}" textAlign="End"/>
							</layout:VerticalLayout>
							<Select width="100%" id="fDstnceFromPUOMEdit" items="{path: 'DstnceFromPUOMDD>/', templateShareable : true}"
								selectedKey="{CPGroupTemp>/DstnceFromPUOM}" visible="{LocalViewSettingDtl>/editMode}">
								<core:ListItem key="{DstnceFromPUOMDD>Key}" text="{DstnceFromPUOMDD>Key} {DstnceFromPUOMDD>Seperator} {DstnceFromPUOMDD>Text}"
									tooltip="{DstnceFromPUOMDD>Text}"></core:ListItem>
							</Select>
						</forms:fields>
					</forms:FormElement>
					<forms:FormElement>
						<forms:label>
							<Label text="{SSGW_MST>/CPDMSDivisions/BillSeries/#@sap:label}"/>
						</forms:label>
						<forms:fields>
							<layout:VerticalLayout>
								<Text visible="{= ${LocalViewSettingDtl>/detailMode} || ${LocalViewSettingDtl>/reviewMode} }"
									tooltip="{SSGW_MST>/CPDMSDivisions/BillSeries/#@sap:label}: { path : 'CPGroupTemp>/BillSeries', type : 'sap.ui.model.odata.type.Decimal'}"
									text="{= ${CPGroupTemp>/BillSeries} !== ''? ${CPGroupTemp>/BillSeriesDesc}+'('+${CPGroupTemp>/BillSeries}+')': ''}"/>
								<Select change="onChangeBillSeries" width="100%" items="{path: 'BillSeriesDD>/', templateShareable : true}"
									selectedKey="{CPGroupTemp>/BillSeries}" visible="{LocalViewSettingDtl>/editMode}">
									<core:ListItem key="{BillSeriesDD>Key}" text="{BillSeriesDD>Key} {BillSeriesDD>Seperator} {BillSeriesDD>Text}" tooltip="{BillSeriesDD>Text}"></core:ListItem>
								</Select>
							</layout:VerticalLayout>
						</forms:fields>
					</forms:FormElement>
					<forms:FormElement>
						<forms:label>
							<Label required="{LocalViewSettingDtl>/editMode}" id="lidFreqOfDispatch" text="{SSGW_MST>/CPDMSDivisions/FreqOfDispatch/#@sap:label}"/>
						</forms:label>
						<forms:fields>
							<layout:VerticalLayout>
								<Text visible="{= ${LocalViewSettingDtl>/detailMode} || ${LocalViewSettingDtl>/reviewMode} }"
									tooltip="{SSGW_MST>/CPDMSDivisions/BillSeries/#@sap:label}: { path : 'CPGroupTemp>/BillSeries', type : 'sap.ui.model.odata.type.Decimal'}"
									text="{= ${CPGroupTemp>/FreqOfDispatch} !== ''? ${CPGroupTemp>/FreqOfDispatchDesc}+'('+${CPGroupTemp>/FreqOfDispatch}+')': ''}"/>
								<Select change="onChangeFrequency" width="100%" items="{path: 'FreqOfDispatchDD>/', templateShareable : true}"
									selectedKey="{CPGroupTemp>/FreqOfDispatch}" id="idFreqOfDispatchDD" visible="{LocalViewSettingDtl>/editMode}">
									<core:ListItem key="{FreqOfDispatchDD>Key}" text="{FreqOfDispatchDD>Key}{FreqOfDispatchDD>Seperator}{FreqOfDispatchDD>Text}"
										tooltip="{FreqOfDispatchDD>Text}"></core:ListItem>
								</Select>
							</layout:VerticalLayout>
						</forms:fields>
					</forms:FormElement>
				</forms:formElements>
			</forms:FormContainer>
		</forms:formContainers>
	</forms:Form>
	<!--<f:SimpleForm id="SimpleFormChange480_12120" editable="true" layout="ResponsiveGridLayout" title="" labelSpanXL="4" labelSpanL="4"-->
	<!--	labelSpanM="12" labelSpanS="12" adjustLabelSpan="false" emptySpanXL="0" emptySpanL="0" emptySpanM="0" emptySpanS="0" columnsXL="2"-->
	<!--	columnsL="2" columnsM="1" singleContainerFullSize="false">-->
	<!--	<f:content>-->
	<!--		<core:Title text=""/>-->
	<!--		<Label id="lidFreqOfDispatch" text="{SSGW_MST>/CPDMSDivisions/FreqOfDispatch/#@sap:label}"/>-->
	<!--		<Select change="onChangeFrequency" autoAdjustWidth="true" selectedKey="{CPGroupTemp>/FreqOfDispatch}" id="idFreqOfDispatchDD"-->
	<!--			items="{FreqOfDispatchDD>/}">-->
	<!--			<core:ListItem id="cFreqOfDispatch_item" key="{FreqOfDispatchDD>Key}"-->
	<!--				text="{FreqOfDispatchDD>Key}{FreqOfDispatchDD>Seperator}{FreqOfDispatchDD>Text}" tooltip="{FreqOfDispatchDD>Text}"></core:ListItem>-->
	<!--		</Select>-->
	<!--	</f:content>-->
	<!--</f:SimpleForm>-->
	<table:Table class="sapUiResponsiveMargin" id="UIInvItemsTable_ALL" rows="{CPScheduleDetails>/}" showColumnVisibilityMenu="true"
		enableGrouping="false" selectionMode="None" enableSelectAll="false" noData="{ppcutili18n>common.NoItemSelected}" enableColumnFreeze="true"
		minAutoRowCount="{ path: 'LocalViewSettingDtl>/DeliverySchetblLength', formatter: 'com.arteriatech.ppc.utils.js.Common.setUITableVisibleRowCount'}"
		visibleRowCount="{ path: 'LocalViewSettingDtl>/DeliverySchetblLength', formatter: 'com.arteriatech.ppc.utils.js.Common.setUITableVisibleRowCount'}"
		visible="true" visibleRowCountMode="Fixed">
		<table:toolbar>
			<Toolbar>
				<Title id="UiSOTableTitle" level="H4" text="Delivery Schedule" visible="true"/>
				<ToolbarSpacer/>
				<!--<Button icon="sap-icon://add" press="addItemsUI" visible="{LocalViewSettingDtlSchedule>/SetRecurId}"/>-->
			</Toolbar>
		</table:toolbar>
		<table:columns>
			<!--<table:Column sortProperty="" filterProperty="" visible="{LocalViewSettingDtlSchedule>/MonthlyVisibleRow}" class=".green" width=""-->
			<!--	autoResizable="true" tooltip="Week of Month" mergeDuplicates="true" mergeFunctionName="getTitle">-->
			<!--	<Text text="{SFGW_SP>/RouteScheduleDetails/WeekOfMonth/#@sap:label}"/>-->
			<!--	<table:template>-->
			<!--		<Text text="{CPScheduleDetails>Week}"/>-->
			<!--<Select id="idWeekOfMonth" items="{path: 'WeekofMonthModel>/', templateShareable : true}" selectedKey="{CPScheduleDetails>WeekOfMonth}"-->
			<!--	autoAdjustWidth="true">-->
			<!--	<core:ListItem key="{WeekofMonthModel>Key}" text="{WeekofMonthModel>Key} {WeekofMonthModel>Seperator} {WeekofMonthModel>Text}"-->
			<!--		tooltip="{WeekofMonthModel>Text}"></core:ListItem>-->
			<!--</Select>-->
			<!--	</table:template>-->
			<!--</table:Column>-->
			<!--<table:Column sortProperty="" filterProperty="" visible="{LocalViewSettingDtlSchedule>/WeeklyVisibleRow}" class=".green"-->
			<!--	width="" autoResizable="true" tooltip="{SFGW_SP>/RouteScheduleDetails/WeekOfMonth/#@sap:label}" mergeDuplicates="true"-->
			<!--	mergeFunctionName="getTitle">-->
			<!--	<Text text="{SFGW_SP>/RouteScheduleDetails/WeekOfMonth/#@sap:label}"/>-->
			<!--	<table:template>-->
			<!--		<Input editable="false" value="{CPScheduleDetails>WeekOfMonthDesc}" tooltip="{SFGW_SP>/RouteScheduleDetails/WeekOfMonth/#@sap:label}"></Input>-->
			<!--	</table:template>-->
			<!--</table:Column>-->
			<table:Column width="" autoResizable="true" visible="true" tooltip="{i18n>CPDetail.Schedule.CPDetail.Column.Monday}" hAlign="Center">
				<Text text="{i18n>CPDetail.Schedule.CPDetail.Column.Monday}"/>
				<table:template>
					<CheckBox enabled="{LocalViewSettingDtl>/editMode}" selected="{CPScheduleDetails>MonSelected}" select="onChangeMonday" hAlign="Center"
						tooltip="{i18n>CPDetail.Schedule.CPDetail.Column.Monday}"/>
				</table:template>
			</table:Column>
			<table:Column width="" autoResizable="true" visible="true" tooltip="{i18n>CPDetail.Schedule.CPDetail.Column.Tuesday}" hAlign="Center">
				<Text text="{i18n>CPDetail.Schedule.CPDetail.Column.Tuesday}"/>
				<table:template>
					<CheckBox enabled="{LocalViewSettingDtl>/editMode}" selected="{CPScheduleDetails>TueSelected}" select="onChangeTuesday" hAlign="Center"
						tooltip="{i18n>CPDetail.Schedule.CPDetail.Column.Tuesday}"/>
				</table:template>
			</table:Column>
			<table:Column width="" autoResizable="true" visible="true" tooltip="{i18n>CPDetail.Schedule.CPDetail.Column.Wednesday}" hAlign="Center">
				<Text text="{i18n>CPDetail.Schedule.CPDetail.Column.Wednesday}"/>
				<table:template>
					<CheckBox enabled="{LocalViewSettingDtl>/editMode}" selected="{CPScheduleDetails>WedSelected}" select="onChangeWednesday" hAlign="Center"
						tooltip="{i18n>CPDetail.Schedule.CPDetail.Column.Wednesday}"/>
				</table:template>
			</table:Column>
			<table:Column width="" autoResizable="true" visible="true" tooltip="{i18n>CPDetail.Schedule.CPDetail.Column.Thursday}" hAlign="Center">
				<Text text="{i18n>CPDetail.Schedule.CPDetail.Column.Thursday}"/>
				<table:template>
					<CheckBox enabled="{LocalViewSettingDtl>/editMode}" selected="{CPScheduleDetails>ThurSelected}" select="onChangeThursday" hAlign="Center"
						tooltip="{i18n>CPDetail.Schedule.CPDetail.Column.Thursday}"/>
				</table:template>
			</table:Column>
			<table:Column width="" autoResizable="true" visible="true" tooltip="{i18n>CPDetail.Schedule.CPDetail.Column.Friday}" hAlign="Center">
				<Text text="{i18n>CPDetail.Schedule.CPDetail.Column.Friday}"/>
				<table:template>
					<CheckBox enabled="{LocalViewSettingDtl>/editMode}" selected="{CPScheduleDetails>FriSelected}" select="onChangeFriday" hAlign="Center"
						tooltip="{i18n>CPDetail.Schedule.CPDetail.Column.Friday}"/>
				</table:template>
			</table:Column>
			<table:Column width="" autoResizable="true" visible="true" tooltip="{i18n>CPDetail.Schedule.CPDetail.Column.Saturday}" hAlign="Center">
				<Text text="{i18n>CPDetail.Schedule.CPDetail.Column.Saturday}"/>
				<table:template>
					<CheckBox enabled="{LocalViewSettingDtl>/editMode}" selected="{CPScheduleDetails>SatSelected}" select="onChangeSaturday" hAlign="Center"
						tooltip="{i18n>CPDetail.Schedule.CPDetail.Column.Saturday}"/>
				</table:template>
			</table:Column>
			<table:Column width="" autoResizable="true" visible="true" tooltip="{i18n>CPDetail.Schedule.CPDetail.Column.Sunday}" hAlign="Center">
				<Text text="{i18n>CPDetail.Schedule.CPDetail.Column.Sunday}"/>
				<table:template>
					<CheckBox enabled="{LocalViewSettingDtl>/editMode}" selected="{CPScheduleDetails>SunSelected}" select="onChangeSunday" hAlign="Center"
						tooltip="{i18n>CPDetail.Schedule.CPDetail.Column.Sunday}"/>
				</table:template>
			</table:Column>
		</table:columns>
	</table:Table>
</core:View>