<core:FragmentDefinition
	xmlns="sap.m"
	xmlns:layout="sap.ui.layout" xmlns:forms="sap.ui.layout.form"
	xmlns:core="sap.ui.core">
	<Popover
		showHeader="true"
		title="Geo Details"
		contentWidth="50%"
		placement="Auto" >
<!--<mvc:View xmlns:mvc="sap.ui.core.mvc" xmlns:layout="sap.ui.layout" xmlns:forms="sap.ui.layout.form" xmlns="sap.m"
	controllerName="com.arteriatech.ss.cp.create1.controller.Block">-->
	<forms:Form width="100%" editable="true">
		<forms:layout>
			<forms:GridLayout/>
		</forms:layout>
		<forms:formContainers>
			<forms:FormContainer id="GeoData_FormContainer1Edit" title="">
				<forms:formElements>
					<forms:FormElement id="Geo1Edit" label="{SSGW_MST>/CPDMSDivisions/Geo1/#@sap:label}">
						<forms:label>
							<Label id="lGeo1Edit" text="{SSGW_MST>/CPDMSDivisions/Geo1/#@sap:label}" />
						</forms:label>
						<forms:fields>
							<Text text="{parts: [{path: 'OwnData>/Geo1Desc'},{path: 'OwnData>/Geo1'}], 
					formatter: 'com.arteriatech.ss.cp.create1.util.CPStatusFormatter.formatText='}" id="fGeo1IDEdit"/>
						</forms:fields>
					</forms:FormElement>
					<forms:FormElement id="Geo2Edit" label="{SSGW_MST>/CPDMSDivisions/Geo2/#@sap:label}">
						<forms:label>
							<Label id="lGeo2Edit" text="{SSGW_MST>/CPDMSDivisions/Geo2/#@sap:label}" />
						</forms:label>
						<forms:fields>
							<Text text="{parts: [{path: 'OwnData>/Geo2Desc'},{path: 'OwnData>/Geo2'}], 
					formatter: 'com.arteriatech.ss.cp.create1.util.CPStatusFormatter.formatText='}" id="fGeo2IDEdit"/>
						</forms:fields>
					</forms:FormElement>
					<forms:FormElement id="Geo3Edit" label="{SSGW_MST>/CPDMSDivisions/Geo3/#@sap:label}">
						<forms:label>
							<Label id="lGeo3Edit" text="{SSGW_MST>/CPDMSDivisions/Geo3/#@sap:label}" />
						</forms:label>
						<forms:fields>
							<Text text="{parts: [{path: 'OwnData>/Geo3Desc'},{path: 'OwnData>/Geo3'}], 
					formatter: 'com.arteriatech.ss.cp.create1.util.CPStatusFormatter.formatText='}" id="fGeo3IDEdit"/>
						</forms:fields>
					</forms:FormElement>
					<forms:FormElement id="Geo4Edit" label="{SSGW_MST>/CPDMSDivisions/Geo4/#@sap:label}">
						<forms:label>
							<Label id="lGeo4Edit" text="{SSGW_MST>/CPDMSDivisions/Geo4/#@sap:label}" />
						</forms:label>
						<forms:fields>
							<Text text="{parts: [{path: 'OwnData>/Geo4Desc'},{path: 'OwnData>/Geo4'}], 
					formatter: 'com.arteriatech.ss.cp.create1.util.CPStatusFormatter.formatText='}" id="fGeo4IDEdit"/>
						</forms:fields>
					</forms:FormElement>
					<forms:FormElement id="Geo5Edit" label="{SSGW_MST>/CPDMSDivisions/Geo5/#@sap:label}">
						<forms:label>
							<Label id="lGeo5Edit" text="{SSGW_MST>/CPDMSDivisions/Geo5/#@sap:label}" />
						</forms:label>
						<forms:fields>
							<Text text="{parts: [{path: 'OwnData>/Geo5Desc'},{path: 'OwnData>/Geo5'}], 
					formatter: 'com.arteriatech.ss.cp.create1.util.CPStatusFormatter.formatText='}" id="fGeo5IDEdit"/>
						</forms:fields>
					</forms:FormElement>
					<forms:FormElement id="Geo6Edit" label="{SSGW_MST>/CPDMSDivisions/Geo6/#@sap:label}">
						<forms:label>
							<Label id="lGeo6Edit" text="{SSGW_MST>/CPDMSDivisions/Geo6/#@sap:label}" />
						</forms:label>
						<forms:fields>
							<Text text="{parts: [{path: 'OwnData>/Geo6Desc'},{path: 'OwnData>/Geo6'}], 
					formatter: 'com.arteriatech.ss.cp.create1.util.CPStatusFormatter.formatText='}" id="fGeo6IDEdit"/>
						</forms:fields>
					</forms:FormElement>
					<forms:FormElement id="Geo7Edit" label="{SSGW_MST>/CPDMSDivisions/Geo7/#@sap:label}">
						<forms:label>
							<Label id="lGeo7Edit" text="{SSGW_MST>/CPDMSDivisions/Geo7/#@sap:label}" />
						</forms:label>
						<forms:fields>
							<Text text="{parts: [{path: 'OwnData>/Geo7Desc'},{path: 'OwnData>/Geo7'}], 
					formatter: 'com.arteriatech.ss.cp.create1.util.CPStatusFormatter.formatText='}" id="fGeo7IDEdit"/>
						</forms:fields>
					</forms:FormElement>
					<forms:FormElement id="Geo8Edit" label="{SSGW_MST>/CPDMSDivisions/Geo8/#@sap:label}">
						<forms:label>
							<Label id="lGeo8Edit" text="{SSGW_MST>/CPDMSDivisions/Geo8/#@sap:label}" />
						</forms:label>
						<forms:fields>
							<Text text="{parts: [{path: 'OwnData>/Geo8Desc'},{path: 'OwnData>/Geo8'}], 
					formatter: 'com.arteriatech.ss.cp.create1.util.CPStatusFormatter.formatText='}" id="fGeo8IDEdit"/>
						</forms:fields>
					</forms:FormElement>
					<forms:FormElement id="Geo9Edit" label="{SSGW_MST>/CPDMSDivisions/Geo9/#@sap:label}">
						<forms:label>
							<Label id="lGeo9Edit" text="{SSGW_MST>/CPDMSDivisions/Geo9/#@sap:label}" />
						</forms:label>
						<forms:fields>
							<Text text="{parts: [{path: 'OwnData>/Geo9Desc'},{path: 'OwnData>/Geo9'}], 
					formatter: 'com.arteriatech.ss.cp.create1.util.CPStatusFormatter.formatText='}" id="fGeo9IDEdit"/>
						</forms:fields>
					</forms:FormElement>
					<forms:FormElement id="Geo10Edit" label="{SSGW_MST>/CPDMSDivisions/Geo10/#@sap:label}">
						<forms:label>
							<Label id="lGeo10Edit" text="{SSGW_MST>/CPDMSDivisions/Geo10/#@sap:label}" />
						</forms:label>
						<forms:fields>
							<Text text="{parts: [{path: 'OwnData>/Geo10Desc'},{path: 'OwnData>/Geo10'}], 
					formatter: 'com.arteriatech.ss.cp.create1.util.CPStatusFormatter.formatText='}" id="fGeo10IDEdit"/>
						</forms:fields>
					</forms:FormElement>
				</forms:formElements>
			</forms:FormContainer>
		</forms:formContainers>
	</forms:Form>
</Popover>
</core:FragmentDefinition>