<mvc:View xmlns:mvc="sap.ui.core.mvc" xmlns:layout="sap.ui.layout" xmlns:forms="sap.ui.layout.form" xmlns="sap.m" controllerName="com.arteriatech.ss.cp.create1.controller.Block">
	<forms:Form width="100%">
		<forms:layout>
			<forms:GridLayout/>
		</forms:layout>
		<forms:formContainers>
			<forms:FormContainer id="Header_FormContainer1Edit" title="Editable">
				<forms:formElements>
					<forms:FormElement id="OwnerNameEdit" label="{SSGW_MST>/ChannelPartners/OwnerName/#@sap:label}">
						<forms:label>
							<Label id="lOwnerNameEdit" required="true" text="{SSGW_MST>/ChannelPartners/OwnerName/#@sap:label}" />
						</forms:label>
						<forms:fields>
							<Input id="fOwnerNameEdit" value="{path:'ChannelPartners>/OwnerName' }"/>
						</forms:fields>
					</forms:FormElement>
					<!--<forms:FormElement id="lMobile1Edit" label="{SSGW_MST>/ChannelPartners/Mobile1/#@sap:label}">
						<forms:fields>
							<Input id="fMobile1Edit" value="{path:'ChannelPartners>/Mobile1'}"/>
						</forms:fields>
					</forms:FormElement>-->
					<forms:FormElement id="lIsKeyCP" label="{SSGW_MST>/ChannelPartners/IsKeyCP/#@sap:label}">
						<forms:fields>
							<Switch id="fIsKeyCP" customTextOff="No" customTextOn="Yes" enabled="{LocalViewSettingDtl>/editMode}" state="{= ${ChannelPartners>/IsKeyCP} === 'X'? true : false }"
								editable="{LocalViewSettingDtl>/editMode}">
								<layoutData>
									<FlexItemData growFactor="1"/>
								</layoutData>
							</Switch>
						</forms:fields>
					</forms:FormElement>
				</forms:formElements>
			</forms:FormContainer>
			<forms:FormContainer id="Header_FormContainer2Edit" title="Status">
				<forms:formElements>
					<forms:FormElement id="lParentEdit" label="{ChannelPartners>/ParentTypDesc}">
						<forms:fields>
							<Text id="fParentEdit" text="{ChannelPartners>/ParentName} ({ChannelPartners>/ParentID})" />
						</forms:fields>
					</forms:FormElement>
					<forms:FormElement id="lStatusIDEdit" label="{SSGW_MST>/ChannelPartners/StatusID/#@sap:label}">
						<forms:fields>
							<ObjectStatus icon="{path:'ChannelPartners>/StatusID',formatter:'com.arteriatech.ss.cp.create1.util.CPStatusFormatter.formatCPStatusImage'}"
									text="{ChannelPartners>/StatusDesc}" tooltip="{ChannelPartners>/StatusDesc}"
									state="{path:'ChannelPartners>/StatusID',formatter:'com.arteriatech.ss.cp.create1.util.CPStatusFormatter.formatCPStatusState'}"/>
						</forms:fields>
					</forms:FormElement>
					<forms:FormElement id="lApprvlStatusIDEdit" label="{SSGW_MST>/ChannelPartners/ApprvlStatusID/#@sap:label}">
						<forms:fields>
							<ObjectStatus icon="{path:'ChannelPartners>/ApprvlStatusID',formatter:'com.arteriatech.ss.cp.create1.util.CPStatusFormatter.formatAppStatusIcon'}"
									text="{ChannelPartners>/ApprvlStatusDesc}" tooltip="{ChannelPartners>/ApprvlStatusDesc}"
									state="{path:'ChannelPartners>/ApprvlStatusID',formatter:'com.arteriatech.ss.cp.create1.util.CPStatusFormatter.formatAppStatusState'}"/>
						</forms:fields>
					</forms:FormElement>
					<forms:FormElement id="lApprovedByEdit" label="{SSGW_MST>/ChannelPartners/ApprovedBy/#@sap:label}">
						<forms:fields>
							<Text text="{ChannelPartners>/ApprovedBy}" />
						</forms:fields>
					</forms:FormElement>
					<forms:FormElement id="lApprovedOnEdit" label="{SSGW_MST>/ChannelPartners/ApprovedOn/#@sap:label}">
						<forms:fields>
							<Text text="{path:'ChannelPartners>/ApprovedOn',formatter: 'com.arteriatech.ss.utils.js.Common.getFormattedDate'}" />
						</forms:fields>
					</forms:FormElement>
				</forms:formElements>
			</forms:FormContainer>
			<forms:FormContainer id="Header_FormContainer3Edit" title="Change History">
				<forms:formElements>
					<forms:FormElement id="lCreatedByEdit" label="{SSGW_MST>/ChannelPartners/CreatedBy/#@sap:label}">
						<forms:fields>
							<Text text="{ChannelPartners>/CreatedBy}" />
						</forms:fields>
					</forms:FormElement>
					<forms:FormElement id="lCreatedOnEdit" label="{SSGW_MST>/ChannelPartners/CreatedOn/#@sap:label}">
						<forms:fields>
							<Text text="{path:'ChannelPartners>/CreatedOn',formatter: 'com.arteriatech.ss.utils.js.Common.getFormattedDate'}" />
						</forms:fields>
					</forms:FormElement>
					<forms:FormElement id="lChangedByEdit" label="{SSGW_MST>/ChannelPartners/ChangedBy/#@sap:label}">
						<forms:fields>
							<Text text="{ChannelPartners>/ChangedBy}" />
						</forms:fields>
					</forms:FormElement>
					<forms:FormElement id="lChangedOnEdit" label="{SSGW_MST>/ChannelPartners/ChangedOn/#@sap:label}">
						<forms:fields>
							<Text text="{path:'ChannelPartners>/ChangedOn',formatter: 'com.arteriatech.ss.utils.js.Common.getFormattedDate'}" />
						</forms:fields>
					</forms:FormElement>
				</forms:formElements>
			</forms:FormContainer>
		</forms:formContainers>
	</forms:Form>
</mvc:View>