<mvc:View xmlns:mvc="sap.ui.core.mvc" xmlns:layout="sap.ui.layout" xmlns:forms="sap.ui.layout.form" xmlns="sap.m" xmlns:table="sap.ui.table"
	xmlns:core="sap.ui.core" controllerName="com.arteriatech.ss.cp.create1.controller.Block">
	<table:Table id="UICPTable" rows="{path: 'CPs>/'}" showColumnVisibilityMenu="true" enableGrouping="false" selectionMode="MultiToggle"
		minAutoRowCount="4" visibleRowCount="4" enableSelectAll="false" enableColumnFreeze="true" noData="{ppcutili18n>common.NoItemSelected}"
		visibleRowCountMode="Fixed">
		<table:toolbar>
			<Toolbar>
				<Title id="UICPTableTitle" text="Channel Partner ({= ${CPs>/}.length })" level="H2" visible="true"/>
			</Toolbar>
		</table:toolbar>
		<table:columns>
			<table:Column  autoResizable="true" visible="true"
				tooltip="{SSGW_MST>/#ChannelPartner/CPUID/@sap:label}">
				<Text text="{SSGW_MST>/#ChannelPartner/CPUID/@sap:label}"/>
				<table:template>
					<Text text="{CPs>CPUID}" class="sapUiTinyMarginTopBottom" tooltip="{SSGW_MST>/ChannelPartners/CPUID/@sap:label}" wrapping="true"/>
				</table:template>
			</table:Column>
			<table:Column  autoResizable="true" visible="true"
				tooltip="{SSGW_MST>/#ChannelPartner/CPNo/@sap:label}">
				<Text text="{SSGW_MST>/#ChannelPartner/CPNo/@sap:label}"/>
				<table:template>
					<Text text="{CPs>CPNo}" tooltip="{SSGW_MST>/ChannelPartners/CPNo/@sap:label}"/>
				</table:template>
			</table:Column>
			<table:Column  autoResizable="true" visible="true"
				tooltip="{SSGW_MST>/#ChannelPartner/Name/@sap:label}">
				<Text text="{SSGW_MST>/#ChannelPartner/Name/@sap:label}"/>
				<table:template>
					<Text text="{CPs>Name}" tooltip="{SSGW_MST>/ChannelPartners/Name/@sap:label}"/>
				</table:template>
			</table:Column>
			<table:Column  autoResizable="true" visible="true"
				tooltip="{SSGW_MST>/#ChannelPartner/RouteID/@sap:label}">
				<Text text="{SSGW_MST>/#ChannelPartner/RouteID/@sap:label}"/>
				<table:template>
					<Text text="{= ${CPs>RouteID} !== '' ? ${CPs>RouteDesc} +' ('+ ${CPs>RouteID}+')' : ${CPs>RouteDesc} }"
						tooltip="{SSGW_MST>/ChannelPartners/RouteID/@sap:label}"/>
				</table:template>
			</table:Column>
			<table:Column  autoResizable="true" visible="true"
				tooltip="{SSGW_MST>/#ChannelPartner/Address1/@sap:label}">
				<Text text="{SSGW_MST>/#ChannelPartner/Address1/@sap:label}"/>
				<table:template>
					<layout:VerticalLayout>
						<layout:HorizontalLayout>
							<Text id="fAddress1" text="{CPs>Address1}" visible="{= ${CPs>Address1} !== ''? true: false}"/>
							<Text id="fAddress2" text="{CPs>Address2}" visible="{= ${CPs>Address2} !== ''? true: false}"/>
						</layout:HorizontalLayout>
						<layout:HorizontalLayout>
							<Text id="fAddress3" text="{CPs>Address3} " visible="{= ${CPs>Address3} !== '' ? true: false}"/>
						</layout:HorizontalLayout>
						<layout:HorizontalLayout>
							<Text id="fAddress4" text="{CPs>Address4}" visible="{= ${CPs>Address4} !== ''? true: false}"/>
							<Text id="fLandmark" text="{CPs>Landmark}" visible="{= ${CPs>Landmark} !== ''? true: false}"/>
						</layout:HorizontalLayout>
						<layout:HorizontalLayout>
							<Text id="fDistrictDesc" text="{CPs>DistrictDesc}" visible="{= ${CPs>DistrictDesc} !== ''? true: false}"/>
							<Text id="fCityDesc" text="{CPs>CityDesc}" visible="{= ${CPs>CityDesc} !== ''? true: false}"/>
						</layout:HorizontalLayout>
						<layout:HorizontalLayout>
							<Text id="fTownDesc" text="{CPs>TownDesc}" visible="{= ${CPs>TownDesc} !== ''? true: false}"/>
							<Text id="fStateDesc" text="{CPs>StateDesc}" visible="{= ${CPs>StateDesc} !== ''? true: false}"/>
						</layout:HorizontalLayout>
						<Text id="fCountryName" text="{CPs>CountryName} - {CPs>PostalCode}" visible="{= ${CPs>CountryName} !== ''? true: false}"/>
					</layout:VerticalLayout>
				</table:template>
			</table:Column>
		</table:columns>
	</table:Table>
</mvc:View>