<mvc:View xmlns:mvc="sap.ui.core.mvc" xmlns:layout="sap.ui.layout" xmlns:forms="sap.ui.layout.form" xmlns="sap.m"
	controllerName="com.arteriatech.ss.cp.create1.controller.Block">
	<forms:Form width="100%" editable="true">
		<forms:layout>
			<forms:GridLayout/>
		</forms:layout>
		<forms:formContainers>
			<forms:FormContainer id="BASICDATA_FormContainer1Edit" title="Personal Details">
				<forms:formElements>
					<forms:FormElement id="NameEdit" label="{SSGW_MST>/ChannelPartners/Name/#@sap:label}">
						<forms:label>
							<Label id="lNameEdit" text="{SSGW_MST>/ChannelPartners/Name/#@sap:label}" required="true"/>
						</forms:label>
						<forms:fields>
							<Input id="fNameEdit" value="{path:'ChannelPartners>/Name' }"
								maxLength="{path: 'SSGW_MST>/ChannelPartners/Name/#@maxLength' ,formatter: 'toInteger'}"/>
						</forms:fields>
					</forms:FormElement>
					<forms:FormElement id="OwnerNameEdit" label="{SSGW_MST>/ChannelPartners/OwnerName/#@sap:label}">
						<forms:label>
							<Label id="lOwnerNameEdit" text="{SSGW_MST>/ChannelPartners/OwnerName/#@sap:label}" required="true"/>
						</forms:label>
						<forms:fields>
							<Input id="fOwnerNameEdit" value="{path:'ChannelPartners>/OwnerName' }"
								maxLength="{path: 'SSGW_MST>/ChannelPartners/OwnerName/#@maxLength' ,formatter: 'toInteger'}"/>
						</forms:fields>
					</forms:FormElement>
					<forms:FormElement id="lDOBEdit" label="{SSGW_MST>/ChannelPartners/DOB/#@sap:label}">
						<forms:fields>
							<DatePicker id="fDOBEdit" dateValue="{path:'ChannelPartners>/DOB' }" displayFormat="{LocalViewSettingDtl>/DateFormat}"/>
						</forms:fields>
					</forms:FormElement>
					<forms:FormElement id="lAnniversaryEdit" label="{SSGW_MST>/ChannelPartners/Anniversary/#@sap:label}">
						<forms:fields>
							<DatePicker id="fAnniversaryEdit" dateValue="{path:'ChannelPartners>/Anniversary'}" displayFormat="{LocalViewSettingDtl>/DateFormat}"/>
						</forms:fields>
					</forms:FormElement>
					<forms:FormElement id="lID1Edit" label="{SSGW_MST>/ChannelPartners/ID1/#@sap:label}">
						<forms:label>
							<Label id="ID1Edit" required="false" text="{SSGW_MST>/ChannelPartners/ID1/#@sap:label}"/>
						</forms:label>
						<forms:fields>
							<Input id="fID1Edit" value="{path:'ChannelPartners>/ID1'}"
								maxLength="{path: 'SSGW_MST>/ChannelPartners/ID1/#@maxLength' ,formatter: 'toInteger'}"/>
						</forms:fields>
					</forms:FormElement>
					<forms:FormElement id="lID2Edit" label="{SSGW_MST>/ChannelPartners/ID2/#@sap:label}">
						<forms:label>
							<Label id="ID2Edit" required="false" text="{SSGW_MST>/ChannelPartners/ID2/#@sap:label}"/>
						</forms:label>
						<forms:fields>
							<Input id="fID2Edit" value="{path:'ChannelPartners>/ID2'}"
								maxLength="{path: 'SSGW_MST>/ChannelPartners/ID2/#@maxLength' ,formatter: 'toInteger'}"/>
						</forms:fields>
					</forms:FormElement>
					<forms:FormElement id="lBusinessID1Edit" label="{SSGW_MST>/ChannelPartners/BusinessID1/#@sap:label}">
						<forms:label>
							<Label id="BusinessID1Edit" required="false" text="{SSGW_MST>/ChannelPartners/BusinessID1/#@sap:label}"/>
						</forms:label>
						<forms:fields>
							<Input id="fBusinessID1Edit" value="{path:'ChannelPartners>/BusinessID1'}"
								maxLength="{path: 'SSGW_MST>/ChannelPartners/BusinessID1/#@maxLength' ,formatter: 'toInteger'}"/>
						</forms:fields>
					</forms:FormElement>
					<forms:FormElement id="lBusinessID2Edit" label="{SSGW_MST>/ChannelPartners/BusinessID2/#@sap:label}">
						<forms:label>
							<Label id="BusinessID2Edit" required="false" text="{SSGW_MST>/ChannelPartners/BusinessID2/#@sap:label}"/>
						</forms:label>
						<forms:fields>
							<Input id="fBusinessID2Edit" value="{path:'ChannelPartners>/BusinessID2'}"
								maxLength="{path: 'SSGW_MST>/ChannelPartners/BusinessID2/#@maxLength' ,formatter: 'toInteger'}"/>
						</forms:fields>
					</forms:FormElement>
				</forms:formElements>
			</forms:FormContainer>
			<forms:FormContainer id="BASICDATA_FormContainer2Edit" title="Address Details">
				<forms:formElements>
					<forms:FormElement id="Address1Edit" label="{SSGW_MST>/ChannelPartners/Address1/#@sap:label}">
						<forms:label>
							<Label id="lAddress1Edit" text="{SSGW_MST>/ChannelPartners/Address1/#@sap:label}" required="true"/>
						</forms:label>
						<forms:fields>
							<Input value="{ChannelPartners>/Address1}" maxLength="{path: 'SSGW_MST>/ChannelPartners/Address1/#@maxLength' ,formatter: 'toInteger'}"
								id="fAddress1Edit"/>
						</forms:fields>
					</forms:FormElement>
					<forms:FormElement id="lAddress2Edit" label="{SSGW_MST>/ChannelPartners/Address2/#@sap:label}">
						<forms:fields>
							<Input value="{ChannelPartners>/Address2}" maxLength="{path: 'SSGW_MST>/ChannelPartners/Address2/#@maxLength' ,formatter: 'toInteger'}"
								id="fAddress2Edit"/>
						</forms:fields>
					</forms:FormElement>
					<forms:FormElement id="lAddress3Edit" label="{SSGW_MST>/ChannelPartners/Address3/#@sap:label}">
						<forms:fields>
							<Input id="fAddress3Edit" value="{ChannelPartners>/Address3}"
								maxLength="{path: 'SSGW_MST>/ChannelPartners/Address3/#@maxLength' ,formatter: 'toInteger'}"/>
						</forms:fields>
					</forms:FormElement>
					<forms:FormElement id="lAddress4Edit" label="{SSGW_MST>/ChannelPartners/Address4/#@sap:label}">
						<forms:fields>
							<Input id="fAddress4Edit" value="{ChannelPartners>/Address4}"
								maxLength="{path: 'SSGW_MST>/ChannelPartners/Address4/#@maxLength' ,formatter: 'toInteger'}"/>
						</forms:fields>
					</forms:FormElement>
					<forms:FormElement id="LandmarkEdit" label="{SSGW_MST>/ChannelPartners/Landmark/#@sap:label}">
						<forms:label>
							<Label id="lLandmarkEdit" text="{SSGW_MST>/ChannelPartners/Landmark/#@sap:label}"/>
						</forms:label>
						<forms:fields>
							<Input value="{ChannelPartners>/Landmark}" maxLength="{path: 'SSGW_MST>/ChannelPartners/Landmark/#@maxLength' ,formatter: 'toInteger'}"
								id="fLandmarkEdit"/>
						</forms:fields>
					</forms:FormElement>
					<forms:FormElement id="CountryEdit" label="{SSGW_MST>/ChannelPartners/Country/#@sap:label}">
						<forms:label>
							<Label id="lCountryEdit" text="{SSGW_MST>/ChannelPartners/Country/#@sap:label}" required="true"/>
						</forms:label>
						<forms:fields>
							<MultiInput maxLength="{path: 'SSGW_MST>/ChannelPartners/Country/#@maxLength' ,formatter: 'toInteger'}" id="fCountryEdit"
								valueHelpRequest="CountryF4" tokenUpdate="onNewCPtokenCountryF4"/>
						</forms:fields>
					</forms:FormElement>
					<forms:FormElement id="StateIDEdit" label="{SSGW_MST>/ChannelPartners/StateID/#@sap:label}">
						<forms:label>
							<Label id="lStateIDEdit" text="{SSGW_MST>/ChannelPartners/StateID/#@sap:label}" required="true"/>
						</forms:label>
						<forms:fields>
							<MultiInput maxLength="{path: 'SSGW_MST>/ChannelPartners/StateID/#@maxLength' ,formatter: 'toInteger'}" id="fStateIDEdit"
								valueHelpRequest="StateF4" tokenUpdate="tokenNewCPChangeStateF4"/>
						</forms:fields>
					</forms:FormElement>
					<forms:FormElement id="DistrictIDEdit" label="{SSGW_MST>/ChannelPartners/DistrictID/#@sap:label}">
						<forms:label>
							<Label id="lDistrictIDEdit" text="{SSGW_MST>/ChannelPartners/DistrictID/#@sap:label}" required="false"/>
						</forms:label>
						<forms:fields>
							<MultiInput maxLength="{path: 'SSGW_MST>/ChannelPartners/DistrictID/#@maxLength' ,formatter: 'toInteger'}" id="fDistrictIDEdit"
								valueHelpRequest="DitrictF4" tokenUpdate="tokenNewCPChangeDistrictF4"/>
						</forms:fields>
					</forms:FormElement>
					<forms:FormElement id="SubDistrictIDEdit" label="{SSGW_MST>/ChannelPartners/SubDistrictID/#@sap:label}">
						<forms:label>
							<Label id="lSubDistrictIDEdit" text="{SSGW_MST>/ChannelPartners/SubDistrictID/#@sap:label}" required="false"/>
						</forms:label>
						<forms:fields>
							<MultiInput id="idSubDistrict" valueHelpRequest="subDistrictF4" tokenUpdate="tokenNewCPChangeSubDistrictF4"></MultiInput>
						</forms:fields>
					</forms:FormElement>
					<forms:FormElement visible="false" id="CityIDEdit" label="{SSGW_MST>/ChannelPartners/CityID/#@sap:label}">
						<forms:label>
							<Label id="lCityIDEdit" text="{SSGW_MST>/ChannelPartners/CityID/#@sap:label}" required="false"/>
						</forms:label>
						<forms:fields>
							<MultiInput maxLength="{path: 'SSGW_MST>/ChannelPartners/CityID/#@maxLength' ,formatter: 'toInteger'}" id="fCityIDEdit"
								valueHelpRequest="CityF4"/>
						</forms:fields>
					</forms:FormElement>
					<forms:FormElement id="TownIDEdit" label="{SSGW_MST>/ChannelPartners/TownID/#@sap:label}">
						<forms:label>
							<Label id="lTownIDEdit" text="{SSGW_MST>/ChannelPartners/TownID/#@sap:label}" required="false" tokenUpdate="tokenNewCPChangeTownF4"/>
						</forms:label>
						<forms:fields>
							<MultiInput id="fTownIDEdit" maxLength="{path: 'SSGW_MST>/ChannelPartners/TownID/#@maxLength' ,formatter: 'toInteger'}"
								valueHelpRequest="TownF4"/>
						</forms:fields>
					</forms:FormElement>
					<forms:FormElement id="IDWardEdit" label="{SSGW_MST>/ChannelPartners/WardName/#@sap:label}">
						<forms:label>
							<Label id="lWardIDEdit" text="{SSGW_MST>/ChannelPartners/WardName/#@sap:label}"/>
						</forms:label>
						<forms:fields>
							<MultiInput id="idWard" valueHelpRequest="wardF4"></MultiInput>
						</forms:fields>
					</forms:FormElement>
					<!--<forms:FormElement id="PostalCodeEdit" label="{SSGW_MST>/ChannelPartners/PostalCode/#@sap:label}">-->
					<!--	<forms:label>-->
					<!--		<Label id="lPostalCodeEdit" text="{SSGW_MST>/ChannelPartners/PostalCode/#@sap:label}" required="true"/>-->
					<!--	</forms:label>-->
					<!--	<forms:fields>-->
					<!--		<Input value="{ChannelPartners>/PostalCode}" maxLength="6"-->
					<!--			id="fPostalCodeEdit"/>-->
					<!--	</forms:fields>-->
					<!--</forms:FormElement>-->
					<forms:FormElement label="{SSGW_MST>/ChannelPartners/PostalCode/#@sap:label}" id="PostalCodeEdit">
						<forms:label>
							<Label required="true" text="{SSGW_MST>/ChannelPartners/PostalCode/#@sap:label}" id="lPostalCodeEdit"/>
						</forms:label>
						<forms:fields>
							<MaskInput mask="999999" placeholder="Enter valid Postal Code" value="{ChannelPartners>/PostalCode}" id="fPostalCodeEdit">
								<rules>
									<MaskInputRule maskFormatSymbol="9" regex="[0-9]"/>
								</rules>
							</MaskInput>
						</forms:fields>
					</forms:FormElement>
				</forms:formElements>
			</forms:FormContainer>
			<forms:FormContainer id="BASICDATA_FormContainer3Edit" title="Contact Details">
				<forms:formElements>
					<forms:FormElement id="Mobile1Edit" label="{SSGW_MST>/ChannelPartners/Mobile1/#@sap:label}">
						<forms:label>
							<Label id="lMobile1Edit" text="{SSGW_MST>/ChannelPartners/Mobile1/#@sap:label}" required="true"/>
						</forms:label>
						<forms:fields>
							<MaskInput mask="9999999999" value="{ChannelPartners>/Mobile1}" placeholder="Enter valid Mobile No" id="fMobile1Edit">
								<rules>
									<MaskInputRule maskFormatSymbol="9" regex="[0-9]"/>
								</rules>
							</MaskInput>
						</forms:fields>
					</forms:FormElement>
					<forms:FormElement id="lMobile2Edit" label="{SSGW_MST>/ChannelPartners/Mobile2/#@sap:label}">
						<forms:fields>
							<MaskInput mask="9999999999" value="{ChannelPartners>/Mobile2}" placeholder="Enter valid Mobile No" id="fMobile2Edit">
								<rules>
									<MaskInputRule maskFormatSymbol="9" regex="[0-9]"/>
								</rules>
							</MaskInput>
						</forms:fields>
					</forms:FormElement>
					<forms:FormElement id="lLandlineEdit" label="{SSGW_MST>/ChannelPartners/Landline/#@sap:label}">
						<forms:fields>
							<Input value="{ChannelPartners>/Landline}" maxLength="{path: 'SSGW_MST>/ChannelPartners/Landline/#@maxLength' ,formatter: 'toInteger'}"
								id="fLandlineEdit"/>
						</forms:fields>
					</forms:FormElement>
					<forms:FormElement id="lFaxNoEdit" label="{SSGW_MST>/ChannelPartners/FaxNo/#@sap:label}">
						<forms:fields>
							<MaskInput mask="99999999999" value="{ChannelPartners>/FaxNo}" placeholder="Valid Format 99999999999" id="fFaxEdit">
								<rules>
									<MaskInputRule maskFormatSymbol="9" regex="[0-9]"/>
								</rules>
							</MaskInput>
						</forms:fields>
					</forms:FormElement>
					<forms:FormElement id="lEmailIDEdit" label="{SSGW_MST>/ChannelPartners/EmailID/#@sap:label}">
						<forms:fields>
							<Input value="{path: 'ChannelPartners>/EmailID',type: 'sap.ui.model.type.Email'}"
								maxLength="{path: 'SSGW_MST>/ChannelPartners/EmailID/#@maxLength' ,formatter: 'toInteger'}" id="fEmailIDEdit"/>
						</forms:fields>
					</forms:FormElement>
				</forms:formElements>
			</forms:FormContainer>
			<forms:FormContainer id="TAXCLASSIFICATION_FormContainer1" title="Tax Details">
				<forms:formElements>
					<forms:FormElement visible="false" id="lVATNo" label="{SSGW_MST>/ChannelPartners/VATNo/#@sap:label}">
						<forms:fields>
							<Input id="fVATNoEdit" value="{ path : 'ChannelPartners>/VATNo', type : 'sap.ui.model.type.String'}"
								maxLength="{path: 'SSGW_MST>/ChannelPartners/VATNo/#@maxLength' ,formatter: 'toInteger'}"/>
						</forms:fields>
					</forms:FormElement>
					<forms:FormElement id="lTax1" label="{SSGW_MST>/ChannelPartners/Tax1/#@sap:label}">
						<forms:fields>
							<Input maxLength="{path: 'SSGW_MST>/ChannelPartners/Tax1/#@maxLength' ,formatter: 'toInteger'}" id="fTax1Edit"
								value="{ path : 'ChannelPartners>/Tax1', type : 'sap.ui.model.type.String'}"/>
						</forms:fields>
					</forms:FormElement>
					<forms:FormElement visible="false" id="lTax2" label="{SSGW_MST>/ChannelPartners/Tax2/#@sap:label}">
						<forms:fields>
							<Input maxLength="{path: 'SSGW_MST>/ChannelPartners/Tax2/#@maxLength' ,formatter: 'toInteger'}" id="fTax2Edit"
								value="{ path : 'ChannelPartners>/Tax2', type : 'sap.ui.model.type.String'}"/>
						</forms:fields>
					</forms:FormElement>
					<forms:FormElement visible="false" id="lTax3" label="{SSGW_MST>/ChannelPartners/Tax3/#@sap:label}">
						<forms:fields>
							<Input maxLength="{path: 'SSGW_MST>/ChannelPartners/Tax3/#@maxLength' ,formatter: 'toInteger'}" id="fTax3Edit"
								value="{ path : 'ChannelPartners>/Tax3', type : 'sap.ui.model.type.String'}"/>
						</forms:fields>
					</forms:FormElement>
					<forms:FormElement visible="false" id="lTax4" label="{SSGW_MST>/ChannelPartners/Tax4/#@sap:label}">
						<forms:fields>
							<Input maxLength="{path: 'SSGW_MST>/ChannelPartners/Tax4/#@maxLength' ,formatter: 'toInteger'}" id="fTax4Edit"
								value="{ path : 'ChannelPartners>/Tax4', type : 'sap.ui.model.type.String'}"/>
						</forms:fields>
					</forms:FormElement>
				</forms:formElements>
			</forms:FormContainer>
		</forms:formContainers>
	</forms:Form>
</mvc:View>