<mvc:View xmlns:mvc="sap.ui.core.mvc" xmlns:layout="sap.ui.layout" xmlns:forms="sap.ui.layout.form" xmlns="sap.m" xmlns:core="sap.ui.core"
	controllerName="com.arteriatech.ss.cp.create1.controller.Block">
	<forms:Form id="BASICDATA_Form" editable="true">
		<forms:layout>
			<forms:ResponsiveGridLayout id="BASICDATA_ResponsiveGridLayout" labelSpanL="4" labelSpanM="4" emptySpanL="0" emptySpanM="0" columnsL="3"
				columnsM="4"></forms:ResponsiveGridLayout>
		</forms:layout>
		<forms:formContainers>
			<forms:FormContainer id="SALESDATA_FormContainer1" title="Sales" visible="true">
				<forms:formElements>
					<forms:FormElement id="lWeeklyOff" label="{SSGW_MST>/ChannelPartners/WeeklyOff/#@sap:label}">
						<forms:fields>
							<layout:VerticalLayout>
								<Text id="fWeeklyOff" visible="{= ${LocalViewSettingDtl>/detailMode} || ${LocalViewSettingDtl>/reviewMode} }"
									text="{ChannelPartners>/WeeklyOffDesc}"/>
								<!--<MultiInput maxLength="{path: 'SSGW_MST>/ChannelPartners/WeeklyOff/#@maxLength' ,formatter: 'toInteger'}" id="fWeeklyOffEdit"
									valueHelpRequest="WeeklyOffF4" visible="{LocalViewSettingDtl>/editMode}">
								</MultiInput>-->
								<Select width="100%" id="fWeeklyOffEdit" items="{WeeklyOffDD>/}" visible="{LocalViewSettingDtl>/editMode}"
									selectedKey="{ChannelPartners>/WeeklyOff}">
									<core:ListItem key="{WeeklyOffDD>Key}" text="{WeeklyOffDD>Key} {WeeklyOffDD>Seperator} {WeeklyOffDD>Text}" tooltip="{WeeklyOffDD>Text}"></core:ListItem>
								</Select>
							</layout:VerticalLayout>
						</forms:fields>
					</forms:FormElement>
					<!--<forms:FormElement id="PartnerMgrNo" label="{SSGW_MST>/ChannelPartners/PartnerMgrNo/#@sap:label}">
						<forms:label>
							<Label id="lPartnerMgrNo" required="{LocalViewSettingDtl>/editMode}" text="{SSGW_MST>/ChannelPartners/PartnerMgrNo/#@sap:label}" />
						</forms:label>
						<forms:fields>
							<layout:VerticalLayout>
								<Text id="fPartnerMgrNo" visible="{= ${LocalViewSettingDtl>/detailMode} || ${LocalViewSettingDtl>/reviewMode} }"
									text="{= ${ChannelPartners>/PartnerMgrNo} !== '' ? ${ChannelPartners>/PartnerMgrName} +' ('+ ${ChannelPartners>/PartnerMgrNo}+')' : ${ChannelPartners>/PartnerMgrName} }"/>
								<MultiInput visible="{LocalViewSettingDtl>/editMode}" maxLength="{path: 'SSGW_MST>/ChannelPartners/PartnerMgrNo/#@maxLength' ,formatter: 'toInteger'}" 
									id="fPartnerMgrNoEdit"
									valueHelpRequest="SPF4" change="onChangeSPF4" showTableSuggestionValueHelp="true" showSuggestion="true" filterSuggests="false"
									suggest="handleSalesPersonSuggest" suggestionItemSelected="suggestionItemSelected" suggestionItems="{SalesPersonSuggestorModel>/}">
									<suggestionItems>
										<core:ListItem text="{SalesPersonSuggestorModel>FirstName}" additionalText="{SalesPersonSuggestorModel>SPNo}"/>
									</suggestionItems>
								</MultiInput>
							</layout:VerticalLayout>
						</forms:fields>
					</forms:FormElement>-->
					<!--required="{LocalViewSettingDtl>/editMode}" if we need to keep manditory then add this code both for sales office and sales group-->
					<forms:FormElement visible="false" id="SalesOfficeID" label="{SSGW_MST>/ChannelPartners/SalesOfficeID/#@sap:label}">
						<forms:label>
							<Label id="lSalesOfficeID" required="{LocalViewSettingDtl>/editMode}" text="{SSGW_MST>/ChannelPartners/SalesOfficeID/#@sap:label}"/>
						</forms:label>
						<forms:fields>
							<layout:VerticalLayout>
								<Text id="fSalesOfficeID" visible="{= ${LocalViewSettingDtl>/detailMode} || ${LocalViewSettingDtl>/reviewMode} }"
									text="{= ${ChannelPartners>/SalesOfficeID} !== '' ? ${ChannelPartners>/SalesOffDesc} +' ('+ ${ChannelPartners>/SalesOfficeID}+')' : ${ChannelPartners>/SalesOffDesc} }"/>
								<!--<MultiInput maxLength="{path: 'SSGW_MST>/ChannelPartners/SalesOfficeID/#@maxLength' ,formatter: 'toInteger'}" id="fSalesOfficeIDEdit"
									valueHelpRequest="SalesOfficeF4" visible="{LocalViewSettingDtl>/editMode}">
									<tokens>
										<Token key="{ChannelPartners>/SalesOfficeID}" text="{ChannelPartners>/SalesOffDesc} ({ChannelPartners>/SalesOfficeID})"
										visible="{= (${ChannelPartners>/SalesOfficeID} !== '' || ${ChannelPartners>/SalesOffDesc} !== '') ? true:false}"/>
									</tokens>
								</MultiInput>-->
								<Select width="100%" id="fSalesOfficeIDEdit" items="{SalesOfficeDD>/}" visible="{LocalViewSettingDtl>/editMode}"
									selectedKey="{ChannelPartners>/SalesOfficeID}">
									<core:ListItem key="{SalesOfficeDD>Key}" text="{SalesOfficeDD>Key}{SalesOfficeDD>Seperator}{SalesOfficeDD>Text}"
										tooltip="{SalesOfficeDD>Text}"></core:ListItem>
								</Select>
							</layout:VerticalLayout>
						</forms:fields>
					</forms:FormElement>
					<forms:FormElement visible="false" id="SalesGroupID" label="{SSGW_MST>/ChannelPartners/SalesGroupID/#@sap:label}">
						<forms:label>
							<Label id="lSalesGroupID" required="{LocalViewSettingDtl>/editMode}" text="{SSGW_MST>/ChannelPartners/SalesGroupID/#@sap:label}"/>
						</forms:label>
						<forms:fields>
							<layout:VerticalLayout>
								<Text id="fSalesGroupID" visible="{= ${LocalViewSettingDtl>/detailMode} || ${LocalViewSettingDtl>/reviewMode} }"
									text="{= ${ChannelPartners>/SalesGroupID} !== '' ? ${ChannelPartners>/SalesGrpDesc} +' ('+ ${ChannelPartners>/SalesGroupID}+')' : ${ChannelPartners>/SalesGrpDesc} }"/>
								<!--<MultiInput maxLength="{path: 'SSGW_MST>/ChannelPartners/SalesGroupID/#@maxLength' ,formatter: 'toInteger'}" id="fSalesGroupIDEdit"
									valueHelpRequest="SalesGroupF4" visible="{LocalViewSettingDtl>/editMode}">
									<tokens>
										<Token key="{ChannelPartners>/SalesGroupID}" text="{ChannelPartners>/SalesGrpDesc} ({ChannelPartners>/SalesGroupID})"
										visible="{= (${ChannelPartners>/SalesGroupID} !== '' || ${ChannelPartners>/SalesGrpDesc} !== '')? true:false}"/>
									</tokens>
								</MultiInput>-->
								<Select width="100%" id="fSalesGroupIDEdit" items="{SalesGroupDD>/}" visible="{LocalViewSettingDtl>/editMode}"
									selectedKey="{ChannelPartners>/SalesGroupID}">
									<core:ListItem key="{SalesGroupDD>Key}" text="{SalesGroupDD>Key}{SalesGroupDD>Seperator}{SalesGroupDD>Text}" tooltip="{SalesGroupDD>Text}"></core:ListItem>
								</Select>
							</layout:VerticalLayout>
						</forms:fields>
					</forms:FormElement>
					<forms:FormElement visible="false" id="lZoneID" label="{SSGW_MST>/ChannelPartners/ZoneID/#@sap:label}">
						<forms:fields>
							<layout:VerticalLayout>
								<Text id="fZoneID" visible="{= ${LocalViewSettingDtl>/detailMode} || ${LocalViewSettingDtl>/reviewMode} }"
									text="{= ${ChannelPartners>/ZoneID} !== '' ? ${ChannelPartners>/ZoneDesc} +' ('+ ${ChannelPartners>/ZoneID}+')' : ${ChannelPartners>/ZoneDesc} }"/>
								<MultiInput maxLength="{path: 'SSGW_MST>/ChannelPartners/ZoneID/#@maxLength' ,formatter: 'toInteger'}" id="fZoneIDEdit"
									valueHelpRequest="ZoneF4" visible="{LocalViewSettingDtl>/editMode}"></MultiInput>
							</layout:VerticalLayout>
						</forms:fields>
					</forms:FormElement>
					<forms:FormElement id="NoOfEmployee" label="{SSGW_MST>/ChannelPartners/NoOfEmployee/#@sap:label}">
						<forms:label>
							<Label id="lNoOfEmployee" required="false" text="{SSGW_MST>/ChannelPartners/NoOfEmployee/#@sap:label}"/>
						</forms:label>
						<forms:fields>
							<layout:VerticalLayout>
								<Text text="{ChannelPartners>/NoOfEmployee}" visible="{= ${LocalViewSettingDtl>/detailMode} || ${LocalViewSettingDtl>/reviewMode} }"/>
								<Input visible="{LocalViewSettingDtl>/editMode}" id="fNoOfEmployee" value="{ChannelPartners>/NoOfEmployee}"
									maxLength="{path: 'SSGW_MST>/ChannelPartners/NoOfEmployee/#@maxLength' ,formatter: 'toInteger'}" liveChange="validateNumeric"/>
							</layout:VerticalLayout>
						</forms:fields>
					</forms:FormElement>
					<forms:FormElement id="IDNoOfSalesmanEdit" label="{SSGW_MST>/ChannelPartners/NoOfSalesMan/#@sap:label}">
						<forms:label>
							<Label id="lNoOfSalesmanEdit" text="{SSGW_MST>/ChannelPartners/NoOfSalesMan/#@sap:label}"/>
						</forms:label>
						<forms:fields>
							<layout:VerticalLayout>
								<Text text="{path:'ChannelPartners>/NoOfSalesMan'}" visible="{= ${LocalViewSettingDtl>/detailMode} || ${LocalViewSettingDtl>/reviewMode} }"/>
								<Input visible="{LocalViewSettingDtl>/editMode}" value="{ChannelPartners>/NoOfSalesMan}"
									maxLength="{path: 'SSGW_MST>/ChannelPartners/NoOfSalesMan/#@maxLength' ,formatter: 'toInteger'}" liveChange="validateNumeric"></Input>
							</layout:VerticalLayout>
						</forms:fields>
					</forms:FormElement>
					<forms:FormElement id="IDWsCoveredEdit" label="{SSGW_MST>/ChannelPartners/WsCovered/#@sap:label}">
						<forms:label>
							<Label id="lWsCoveredEdit" text="{SSGW_MST>/ChannelPartners/WsCovered/#@sap:label}"/>
						</forms:label>
						<forms:fields>
							<layout:VerticalLayout>
								<Text text="{path:'ChannelPartners>/WsCovered'}" visible="{= ${LocalViewSettingDtl>/detailMode} || ${LocalViewSettingDtl>/reviewMode} }"/>
								<Input visible="{LocalViewSettingDtl>/editMode}" value="{ChannelPartners>/WsCovered}"
									maxLength="{path: 'SSGW_MST>/ChannelPartners/WsCovered/#@maxLength' ,formatter: 'toInteger'}" liveChange="validateNumeric"></Input>
							</layout:VerticalLayout>
						</forms:fields>
					</forms:FormElement>
					<forms:FormElement id="IDOutletsCoveredEdit" label="{SSGW_MST>/ChannelPartners/OutletsCovered/#@sap:label}">
						<forms:label>
							<Label id="lOutletsCoveredEdit" text="{SSGW_MST>/ChannelPartners/OutletsCovered/#@sap:label}"/>
						</forms:label>
						<forms:fields>
							<layout:VerticalLayout>
								<Text text="{path:'ChannelPartners>/OutletsCovered'}"
									visible="{= ${LocalViewSettingDtl>/detailMode} || ${LocalViewSettingDtl>/reviewMode} }"/>
								<Input visible="{LocalViewSettingDtl>/editMode}" value="{ChannelPartners>/OutletsCovered}"
									maxLength="{path: 'SSGW_MST>/ChannelPartners/OutletsCovered/#@maxLength' ,formatter: 'toInteger'}" liveChange="validateNumeric"></Input>
							</layout:VerticalLayout>
						</forms:fields>
					</forms:FormElement>
				</forms:formElements>
			</forms:FormContainer>
			<forms:FormContainer id="SALESDATA_FormContainer2" title="Credit" visible="false">
				<forms:formElements>
					<forms:FormElement visible="false" id="lCreditLimit" label="{SSGW_MST>/ChannelPartners/CreditLimit/#@sap:label}">
						<forms:fields>
							<layout:VerticalLayout>
								<Text id="fCreditLimit"
									text="{path:'ChannelPartners>/CreditLimit', type: 'sap.ui.model.odata.type.Decimal', constraints: { precision: 10, scale: 2}} {ChannelPartners>/Currency}"
									visible="{= ${LocalViewSettingDtl>/detailMode} || ${LocalViewSettingDtl>/reviewMode} }"/>
								<Input id="fCreditLimitEdit" liveChange="com.arteriatech.ppc.utils.js.Common.formatNumber"
									maxLength="{path: 'SSGW_MST>/ChannelPartners/CreditLimit/#@precision' ,formatter: 'toInteger'}"
									value="{ path : 'ChannelPartners>/CreditLimit'}" description="{ChannelPartners>/Currency}" textAlign="End" fieldWidth="75%"
									visible="{LocalViewSettingDtl>/editMode}"/>
								<!--<Input id="fDiscountPerEdit"
						liveChange="com.arteriatech.ppc.utils.js.Common.formatNumber"
						maxLength="{path: 'SSGW_MST>/CPDMSDivisions/DiscountPer/#@precision' ,formatter: 'toInteger'}"
						tooltip="{SSGW_MST>/CPDMSDivisions/DiscountPer/#@sap:label}: { path : 'CPDMSDivisions>DiscountPer', type : 'sap.ui.model.odata.type.Decimal', constraints: { precision: 10, scale: 2} }"
						value="{ path : 'CPDMSDivisions>DiscountPer'}"
						textAlign="End"/>-->
							</layout:VerticalLayout>
						</forms:fields>
					</forms:FormElement>
					<forms:FormElement visible="false" id="lCreditDays" label="{SSGW_MST>/ChannelPartners/CreditDays/#@sap:label}">
						<forms:fields>
							<layout:VerticalLayout>
								<Text id="fCreditDays" text="{path:'ChannelPartners>/CreditDays',type:'sap.ui.model.type.Integer'}"
									visible="{= ${LocalViewSettingDtl>/detailMode} || ${LocalViewSettingDtl>/reviewMode} }"/>
								<Input id="fCreditDaysEdit" maxLength="10" liveChange="com.arteriatech.ppc.utils.js.Common.formatNumber"
									value="{ path : 'ChannelPartners>/CreditDays', type : 'sap.ui.model.type.Integer', constraints : { minLength : 10 } }" textAlign="End"
									visible="{LocalViewSettingDtl>/editMode}"/>
							</layout:VerticalLayout>
						</forms:fields>
					</forms:FormElement>
					<!--<forms:FormElement id="lRouteID" label="{SSGW_MST>/ChannelPartners/RouteID/#@sap:label}">
						<forms:fields>
							<layout:VerticalLayout>
								<Text id="fRouteID" visible="{= ${LocalViewSettingDtl>/detailMode} || ${LocalViewSettingDtl>/reviewMode} }"
									text="{= ${ChannelPartners>/RouteID} !== '' ? ${ChannelPartners>/RouteDesc} +' ('+ ${ChannelPartners>/RouteID}+')' : ${ChannelPartners>/RouteDesc} }"/>
								<MultiInput maxLength="{path: 'SSGW_MST>/ChannelPartners/RouteID/#@maxLength' ,formatter: 'toInteger'}" id="fRouteIDEdit"
									valueHelpRequest="RouteF4" visible="{LocalViewSettingDtl>/editMode}">
								</MultiInput>
							</layout:VerticalLayout>
						</forms:fields>
					</forms:FormElement>-->
				</forms:formElements>
			</forms:FormContainer>
			<forms:FormContainer id="TAXCLASSIFICATION_FormContainer1" title="Tax Details">
				<forms:formElements>
					<!--<forms:FormElement id="lTaxCategory" label="{SSGW_MST>/ChannelPartners/TaxCategory/#@sap:label}">-->
					<!--	<forms:fields>-->
					<!--		<layout:VerticalLayout>-->
					<!--			<Select width="100%" change="onTaxCategory" id="fTaxCategoryEdit" items="{TaxCategoryDD>/}" visible="{LocalViewSettingDtl>/editMode}"-->
					<!--				selectedKey="{ChannelPartners>/TaxCategory}">-->
					<!--				<core:ListItem key="{TaxCategoryDD>Key}" text="{TaxCategoryDD>Key}{TaxCategoryDD>Seperator}{TaxCategoryDD>Text}"-->
					<!--					tooltip="{TaxCategoryDD>Text}"></core:ListItem>-->
					<!--			</Select>-->
					<!--			<Text id="fTaxCategory" visible="{= ${LocalViewSettingDtl>/detailMode} || ${LocalViewSettingDtl>/reviewMode} }"-->
					<!--				text="{= ${ChannelPartners>/TaxCategory} !== '' ? ${ChannelPartners>/TaxCategoryDesc} +' ('+ ${ChannelPartners>/TaxCategory}+')' : ${ChannelPartners>/TaxCategoryDesc} }"/>-->
					<!--		</layout:VerticalLayout>-->
					<!--	</forms:fields>-->
					<!--</forms:FormElement>-->
					<!--<forms:FormElement id="lTaxClassification" label="{SSGW_MST>/ChannelPartners/TaxClassification/#@sap:label}">-->
					<!--	<forms:fields>-->
					<!--		<layout:VerticalLayout>-->
					<!--			<Select width="100%" id="fTaxClassificationDDEdit" items="{TaxClassificationDD>/}" visible="{LocalViewSettingDtl>/editMode}"-->
					<!--				selectedKey="{ChannelPartners>/TaxClassification}">-->
					<!--				<core:ListItem key="{TaxClassificationDD>Key}" text="{TaxClassificationDD>Key}{TaxClassificationDD>Seperator}{TaxClassificationDD>Text}"-->
					<!--					tooltip="{TaxClassificationDD>Text}"></core:ListItem>-->
					<!--			</Select>-->
					<!--			<Text id="fTaxClassificationDD" visible="{= ${LocalViewSettingDtl>/detailMode} || ${LocalViewSettingDtl>/reviewMode} }"-->
					<!--				text="{= ${ChannelPartners>/TaxClassification} !== '' ? ${ChannelPartners>/TaxClassificationDesc} +' ('+ ${ChannelPartners>/TaxClassification}+')' : ${ChannelPartners>/TaxClassificationDesc} }"/>-->
					<!--		</layout:VerticalLayout>-->
					<!--	</forms:fields>-->
					<!--</forms:FormElement>-->
					<forms:FormElement id="lTax1" label="{SSGW_MST>/ChannelPartners/Tax1/#@sap:label}">
						<forms:fields>
							<layout:VerticalLayout>
								<Text id="fTax1" text="{ChannelPartners>/Tax1}" visible="{= ${LocalViewSettingDtl>/detailMode} || ${LocalViewSettingDtl>/reviewMode} }"/>
								<Input maxLength="{path: 'SSGW_MST>/ChannelPartners/Tax1/#@maxLength' ,formatter: 'toInteger'}" id="fTax1Edit"
									value="{ path : 'ChannelPartners>/Tax1', type : 'sap.ui.model.type.String'}" visible="{LocalViewSettingDtl>/editMode}"/>
							</layout:VerticalLayout>
						</forms:fields>
					</forms:FormElement>
					<forms:FormElement id="lPAN" label="{SSGW_MST>/ChannelPartners/PAN/#@sap:label}">
						<forms:fields>
							<layout:VerticalLayout>
								<Text id="fPAN" text="{ChannelPartners>/PAN}" visible="{= ${LocalViewSettingDtl>/detailMode} || ${LocalViewSettingDtl>/reviewMode} }"/>
								<Input change="onChangePAN" maxLength="{path: 'SSGW_MST>/ChannelPartners/PAN/#@maxLength' ,formatter: 'toInteger'}" id="fInPAN"
									value="{ path : 'ChannelPartners>/PAN', type : 'sap.ui.model.type.String'}" visible="{LocalViewSettingDtl>/editMode}"/>
							</layout:VerticalLayout>
						</forms:fields>
					</forms:FormElement>
					<forms:FormElement id="lActivationDate" label="{SSGW_MST>/ChannelPartners/GSTActiveDate/#@sap:label}"
						visible="{= ${LocalViewSettingDtl>/detailMode} || ${LocalViewSettingDtl>/reviewMode} }">
						<forms:fields>
							<Text id="fActivationDate" text="{path:'ChannelPartners>/GSTActiveDate',formatter: 'com.arteriatech.ss.utils.js.Common.getFormattedDate'}"/>
						</forms:fields>
					</forms:FormElement>
					<forms:FormElement id="ActivationDate" label="{SSGW_MST>/ChannelPartners/GSTActiveDate/#@sap:label}"
						visible="{LocalViewSettingDtl>/editMode}">
						<forms:label>
							<Label id="lActivationDateEdit" required="false" text="{SSGW_MST>/ChannelPartners/GSTActiveDate/#@sap:label}"/>
						</forms:label>
						<forms:fields>
							<DatePicker id="fActivationDateEdit" dateValue="{path:'ChannelPartners>/GSTActiveDate'}" displayFormat="{LocalViewSettingDtl>/DateFormat}"/>
						</forms:fields>
					</forms:FormElement>
					<forms:FormElement id="lTaxRegStatus" label="{SSGW_MST>/ChannelPartners/TaxRegStatus/#@sap:label}">
						<forms:fields>
							<layout:VerticalLayout>
								<Select width="100%" id="fTaxRegStatusEdit" change="onTaxRegStatus" items="{TaxRegStatusDD>/}" visible="{LocalViewSettingDtl>/editMode}"
									selectedKey="{ChannelPartners>/TaxRegStatus}">
									<core:ListItem key="{TaxRegStatusDD>Key}" text="{TaxRegStatusDD>Key}{TaxRegStatusDD>Seperator}{TaxRegStatusDD>Text}"
										tooltip="{TaxRegStatusDD>Text}"></core:ListItem>
								</Select>
								<Text id="fTaxRegStatus" visible="{= ${LocalViewSettingDtl>/detailMode} || ${LocalViewSettingDtl>/reviewMode} }"
									text="{= ${ChannelPartners>/TaxRegStatus} !== '' ? ${ChannelPartners>/TaxRegStatusDesc} +' ('+ ${ChannelPartners>/TaxRegStatus}+')' : ${ChannelPartners>/TaxRegStatusDesc} }"/>
							</layout:VerticalLayout>
						</forms:fields>
					</forms:FormElement>
					<!--<forms:FormElement id="AnniversaryEdit" label="{SSGW_MST>/ChannelPartners/Anniversary/#@sap:label}" visible="{= (${ChannelPartners>/CPTypeID} === '' || ${ChannelPartners>/CPTypeID} === '10' || ${ChannelPartners>/CPTypeID} === '20')? true:false }">-->
					<!--	<forms:label>-->
					<!--		<Label id="lAnniversaryEdit" required="false" text="{SSGW_MST>/ChannelPartners/Anniversary/#@sap:label}"/>-->
					<!--	</forms:label>-->
					<!--	<forms:fields>-->
					<!--		<DatePicker id="fAnniversaryEdit" dateValue="{path:'ChannelPartners>/Anniversary'}" displayFormat="{LocalViewSettingDtl>/DateFormat}"/>-->
					<!--	</forms:fields>-->
					<!--</forms:FormElement>-->
				</forms:formElements>
			</forms:FormContainer>
			<!--<forms:FormContainer id="TAXCLASSIFICATION_FormContainer2" title="Tax Classification">-->
			<!--	<forms:formElements>-->
			<!--	</forms:formElements>-->
			<!--</forms:FormContainer>-->
		</forms:formContainers>
	</forms:Form>
</mvc:View>