<mvc:View xmlns:mvc="sap.ui.core.mvc" xmlns:layout="sap.ui.layout" xmlns:forms="sap.ui.layout.form" xmlns="sap.m"
	controllerName="com.arteriatech.ss.cp.create1.controller.Block" xmlns:core="sap.ui.core">
	<forms:Form id="TAXCLASSIFICATION_Form">
		<forms:title>
			<core:Title text="TAX CLASSIFICATION"/>
		</forms:title>
		<forms:layout>
			<forms:ResponsiveGridLayout id="TAXCLASSIFICATION_ResponsiveGridLayout" labelSpanL="4" labelSpanM="4" emptySpanL="0" emptySpanM="0"
				columnsL="3" columnsM="4"></forms:ResponsiveGridLayout>
		</forms:layout>
		<forms:formContainers>
			<forms:FormContainer id="TAXCLASSIFICATION_FormContainer1">
				<forms:formElements>
					<forms:FormElement id="lVATNo" label="{SSGW_MST>/ChannelPartners/VATNo/#@sap:label}">
						<forms:fields>
							<layout:VerticalLayout>
								<Text id="fVATNo" text="{ChannelPartners>/VATNo}" visible="{= ${LocalViewSettingDtl>/detailMode} || ${LocalViewSettingDtl>/reviewMode} }"/>
								<Input id="fVATNoEdit"
										value="{ path : 'ChannelPartners>/VATNo', type : 'sap.ui.model.type.String'}"
										maxLength="{path: 'SSGW_MST>/ChannelPartners/VATNo/#@maxLength' ,formatter: 'toInteger'}"
										visible="{LocalViewSettingDtl>/editMode}"/>
							</layout:VerticalLayout>
						</forms:fields>
					</forms:FormElement>
				</forms:formElements>
			</forms:FormContainer>
			<forms:FormContainer id="TAXCLASSIFICATION_FormContainer2">
				<forms:formElements>
					<forms:FormElement id="lTax1" label="{SSGW_MST>/ChannelPartners/Tax1/#@sap:label}">
						<forms:fields>
							<layout:VerticalLayout>
							<Text id="fTax1" text="{ChannelPartners>/Tax1}" visible="{= ${LocalViewSettingDtl>/detailMode} || ${LocalViewSettingDtl>/reviewMode} }"/>
							<!--<Input id="fTax1Edit"
										value="{ path : 'ChannelPartners>/Tax1', type : 'sap.ui.model.type.String'}"
										maxLength=""
										visible="{LocalViewSettingDtl>/editMode}"/>-->
							<MultiInput maxLength="{path: 'SSGW_MST>/ChannelPartners/Tax1/#@maxLength' ,formatter: 'toInteger'}" id="fTax1Edit"
									valueHelpRequest="Tax1F4" visible="{LocalViewSettingDtl>/editMode}"/>
							</layout:VerticalLayout>
						</forms:fields>
					</forms:FormElement>
				</forms:formElements>
			</forms:FormContainer>
			<forms:FormContainer id="TAXCLASSIFICATION_FormContainer3">
				<forms:formElements>
					<forms:FormElement id="lTax2" label="{SSGW_MST>/ChannelPartners/Tax2/#@sap:label}">
						<forms:fields>
							<layout:VerticalLayout>
							<Text id="fTax2" text="{ChannelPartners>/Tax2}" visible="{= ${LocalViewSettingDtl>/detailMode} || ${LocalViewSettingDtl>/reviewMode} }"/>
							<MultiInput maxLength="{path: 'SSGW_MST>/ChannelPartners/Tax2/#@maxLength' ,formatter: 'toInteger'}" id="fTax2Edit"
									valueHelpRequest="Tax2F4" visible="{LocalViewSettingDtl>/editMode}"/>
							</layout:VerticalLayout>
						</forms:fields>
					</forms:FormElement>
				</forms:formElements>
			</forms:FormContainer>
		</forms:formContainers>
	</forms:Form>
</mvc:View>