<core:FragmentDefinition xmlns:core="sap.ui.core" xmlns="sap.m">
	<ViewSettingsDialog confirm="sortAndFilterTableApprove">
		<sortItems>
			<ViewSettingsItem key="EntityKeyID" text="{i18n>CPApprove.page.entityKeyid}"/>
			<ViewSettingsItem key="EntityKeyDesc" text="{i18n>CPApprove.page.entityKeydesc}"/>
			<ViewSettingsItem key="EntityAttribute1" text="{i18n>CPApprove.page.entityattribute1}"/>
			<ViewSettingsItem key="EntityAttribute2" text="{i18n>CPApprove.page.entityattribute2}"/>
			<ViewSettingsItem key="EntityAttribute3" text="{i18n>CPApprove.page.entityattribute3}"/>
			<ViewSettingsItem key="InitiatorName" text="{PCGW>/#Task/InitiatorName/@sap:label}"/>
			<ViewSettingsItem key="InitiationDate" text="{PCGW>/#Task/InitiationDate/@sap:label}"/>
			<ViewSettingsItem key="AssignedDate" text="{PCGW>/#Task/AssignedDate/@sap:label}"/>
			<ViewSettingsItem key="Priority" text="{PCGW>/#Task/Priority/@sap:label}"/>
		</sortItems>
		<filterItems>
			<ViewSettingsCustomItem key="EntityKeyID" text="{i18n>CPApprove.page.entityKeyid}">
				<customControl>
					<Input liveChange="com.arteriatech.ppc.utils.js.Common.addCustomControlToFilter" tooltip="EntityKeyID"/>
				</customControl>
			</ViewSettingsCustomItem>
			<ViewSettingsCustomItem key="EntityKeyDesc" text="{i18n>CPApprove.page.entityKeydesc}">
				<customControl>
					<Input liveChange="com.arteriatech.ppc.utils.js.Common.addCustomControlToFilter" tooltip="EntityKeyDesc"/>
				</customControl>
			</ViewSettingsCustomItem>
			<ViewSettingsCustomItem key="EntityAttribute1" text="{i18n>CPApprove.page.entityattribute1}">
				<customControl>
					<Input liveChange="com.arteriatech.ppc.utils.js.Common.addCustomControlToFilter" tooltip="EntityAttribute1"/>
				</customControl>
			</ViewSettingsCustomItem>
			<ViewSettingsCustomItem key="EntityAttribute2" text="{i18n>CPApprove.page.entityattribute2}">
				<customControl>
					<Input liveChange="com.arteriatech.ppc.utils.js.Common.addCustomControlToFilter" tooltip="EntityAttribute2"/>
				</customControl>
			</ViewSettingsCustomItem>
			<ViewSettingsCustomItem key="EntityAttribute3" text="{i18n>CPApprove.page.entityattribute3}">
				<customControl>
					<Input liveChange="com.arteriatech.ppc.utils.js.Common.addCustomControlToFilter" tooltip="EntityAttribute3"/>
				</customControl>
			</ViewSettingsCustomItem>
			<ViewSettingsCustomItem key="InitiatorName" text="{i18n>CPApprove.page.entityattribute3}">
				<customControl>
					<Input liveChange="com.arteriatech.ppc.utils.js.Common.addCustomControlToFilter" tooltip="InitiatorName"/>
				</customControl>
			</ViewSettingsCustomItem>
			<ViewSettingsCustomItem key="InitiationDate" text="{PCGW>/#Task/InitiationDate/@sap:label}">
				<customControl>
					<DatePicker change="com.arteriatech.ppc.utils.js.Common.addCustomControlToFilter" tooltip="InitiationDate"/>
				</customControl>
			</ViewSettingsCustomItem>
			<ViewSettingsCustomItem key="AssignedDate" text="{PCGW>/#Task/AssignedDate/@sap:label}">
				<customControl>
					<DatePicker change="com.arteriatech.ppc.utils.js.Common.addCustomControlToFilter" tooltip="AssignedDate"/>
				</customControl>
			</ViewSettingsCustomItem>
			<ViewSettingsCustomItem key="Priority" text="{PCGW>/#Task/Priority/@sap:label}">
				<customControl>
					<Input liveChange="com.arteriatech.ppc.utils.js.Common.addCustomControlToFilter" tooltip="Priority"/>
				</customControl>
			</ViewSettingsCustomItem>
		</filterItems>
	</ViewSettingsDialog>
</core:FragmentDefinition>