<core:FragmentDefinition xmlns="sap.m"
	xmlns:core="sap.ui.core">
	<ViewSettingsDialog confirm="sortAndFilterTableCP">
		<sortItems>
			<ViewSettingsItem text="{SSGW_MST>/#ChannelPartner/CPNo/@sap:label}"
				key="CPNo" />
			<ViewSettingsItem text="{SSGW_MST>/#ChannelPartner/CPTypeID/@sap:label}"
				key="CPTypeID" />
			<ViewSettingsItem text="{SSGW_MST>/#ChannelPartner/OwnerName/@sap:label}"
				key="OwnerName" />
			<ViewSettingsItem text="{SSGW_MST>/#ChannelPartner/Landmark/@sap:label}"
				key="Landmark" />
			<ViewSettingsItem text="{SSGW_MST>/#ChannelPartner/CityDesc/@sap:label}"
				key="CityDesc" />
			<ViewSettingsItem text="{SSGW_MST>/#ChannelPartner/DistrictDesc/@sap:label}"
				key="DistrictDesc" />
			
		</sortItems>
		<filterItems>
			<ViewSettingsCustomItem
				text="{SSGW_MST>/#ChannelPartner/CPNo/@sap:label}" key="CPNo">
				<customControl>
					<Input tooltip="CPNo" liveChange="com.arteriatech.ppc.utils.js.Common.addCustomControlToFilter" />
				</customControl>
			</ViewSettingsCustomItem>

			<ViewSettingsCustomItem
				text="{SSGW_MST>/#ChannelPartner/CPTypeID/@sap:label}" key="CPTypeID">
				<customControl>
					<Input tooltip="CPTypeID" liveChange="com.arteriatech.ppc.utils.js.Common.addCustomControlToFilter" />
				</customControl>
			</ViewSettingsCustomItem>

			<ViewSettingsCustomItem text="{SSGW_MST>/#ChannelPartner/OwnerName/@sap:label}"
				key="OwnerName">
				<customControl>
					<Input tooltip="OwnerName" liveChange="com.arteriatech.ppc.utils.js.Common.addCustomControlToFilter" />
				</customControl>
			</ViewSettingsCustomItem>

				<ViewSettingsCustomItem text="{SSGW_MST>/#ChannelPartner/Landmark/@sap:label}"
				key="Landmark">
				<customControl>
					<Input tooltip="Landmark" liveChange="com.arteriatech.ppc.utils.js.Common.addCustomControlToFilter" />
				</customControl>
			</ViewSettingsCustomItem>

			<ViewSettingsCustomItem text="{SSGW_MST>/#ChannelPartner/Mobile1/@sap:label}"
				key="Mobile1">
				<customControl>
					<Input tooltip="Mobile1" liveChange="com.arteriatech.ppc.utils.js.Common.addCustomControlToFilter" />
				</customControl>
			</ViewSettingsCustomItem>
			
			<ViewSettingsCustomItem text="{SSGW_MST>/#ChannelPartner/CityDesc/@sap:label}"
				key="CityDesc">
				<customControl>
					<Input tooltip="CityDesc" liveChange="com.arteriatech.ppc.utils.js.Common.addCustomControlToFilter" />
				</customControl>
			</ViewSettingsCustomItem>
			
			
			<ViewSettingsCustomItem text="{SSGW_MST>/#ChannelPartner/DistrictDesc/@sap:label}"
				key="DistrictDesc">
				<customControl>
					<Input tooltip="DistrictDesc" liveChange="com.arteriatech.ppc.utils.js.Common.addCustomControlToFilter" />
				</customControl>
			</ViewSettingsCustomItem>

		

		</filterItems>
	</ViewSettingsDialog>
</core:FragmentDefinition>