{
  "welcomeFile": "/webapp/index.html",
  "routes": [
    {
      "path": "/sap/opu/odata/ARTEC/SCGW",
      "target": {
        "type": "destination",
        "name": "scgw"
      },
      "description": ""
    },
    {
      "path": "/sap/opu/odata/ARTEC/SSGW_MM",
      "target": {
        "type": "destination",
        "name": "ssmm"
      },
      "description": ""
    },
    {
      "path": "/sap/opu/odata/ARTEC/SFGW_MST",
      "target": {
        "type": "destination",
        "name": "sfmst"
      },
      "description": ""
    },
    {
      "path": "/sap/opu/odata/ARTEC/SSGW_MST",
      "target": {
        "type": "destination",
        "name": "ssmst"
      },
      "description": ""
    },
    {
      "path": "/sap/opu/odata/ARTEC/PUGW_UTILS/",
      "target": {
        "type": "destination",
        "name": "pugw_utils"
      },
      "description": "Common Servlet File"
    },
    {
      "path": "/sap/opu/odata/ARTEC/PCGW_UTILS/",
      "target": {
        "type": "destination",
        "name": "pcgw_utils"
      },
      "description": "Common Servlet File"
    },
    {
      "path": "/sap/opu/odata/ARTEC/PCGW/",
      "target": {
        "type": "destination",
        "name": "pcgw"
      },
      "description": "Partner Common Services"
    },
    {
      "path": "/sap/bc/ui5_ui5/ARTEC/SSUTIL/",
      "target": {
        "type": "destination",
        "name": "ssutil"
      },
      "description": "PPS Common utils files(js, css & i18n)"
    },
    {
      "path": "/sap/bc/ui5_ui5/ARTEC/PPCUTIL/",
      "target": {
        "type": "destination",
        "name": "ppcutil"
      },
      "description": "Common utils files(js, css & i18n)"
    },
    {
      "path": "/sap/opu/odata/ARTEC/PUGW/",
      "target": {
        "type": "destination",
        "name": "pugw"
      },
      "description": "User Common Services"
    },
    {
      "path": "/resources",
      "target": {
        "type": "service",
        "name": "sapui5",
        "entryPath": "/resources"
      },
      "description": "SAPUI5 Resources"
    },
    {
      "path": "/test-resources",
      "target": {
        "type": "service",
        "name": "sapui5",
        "entryPath": "/test-resources"
      },
      "description": "SAPUI5 Test Resources"
    },
    {
      "path": "/webapp/parent",
      "target": {
        "type": "application",
        "preferLocal": true,
        "name": "ssschemes"
      },
      "description": "Original Application"
    },
    {
      "path": "/webapp/resources",
      "target": {
        "type": "service",
        "name": "sapui5",
        "entryPath": "/resources"
      },
      "description": "SAPUI5 Resources"
    },
    {
      "path": "/webapp/test-resources",
      "target": {
        "type": "service",
        "name": "sapui5",
        "entryPath": "/test-resources"
      },
      "description": "SAPUI5 Test Resources"
    },
    {
      "path": "/dist/parent",
      "target": {
        "type": "application",
        "preferLocal": true,
        "name": "ssschemes"
      },
      "description": "Original Application"
    },
    {
      "path": "/dist/resources",
      "target": {
        "type": "service",
        "name": "sapui5",
        "entryPath": "/resources"
      },
      "description": "SAPUI5 Resources"
    },
    {
      "path": "/dist/test-resources",
      "target": {
        "type": "service",
        "name": "sapui5",
        "entryPath": "/test-resources"
      },
      "description": "SAPUI5 Test Resources"
    }
  ],
  "sendWelcomeFileRedirect": true
}