{
	"welcomeFile": "/webapp/index.html",
	"authenticationMethod": "saml",
	"headerWhiteList": [
		"x-arteria-loginid",
		"SLUG"
	],
	"routes": [
		{
		"path": "/sap/opu/odata/ARTEC/SFGW_SLS",
		"target": {
			"type": "destination",
			"name": "sfsls"
		},
		"description": ""
	}, 
	{
		"path": "/sap/opu/odata/ARTEC/SFGW_MST",
		"target": {
			"type": "destination",
			"name": "sfmst"
		},
		"description": ""
	}, 
	{
		"path": "/sap/opu/odata/ARTEC/PUGW_UTILS/",
		"target": {
			"type": "destination",
			"name": "pugw_utils"
		},
		"description": "Common Servlet File"
	}, 
	{
		"path": "/sap/opu/odata/ARTEC/PCGW_UTILS/",
		"target": {
			"type": "destination",
			"name": "pcgw_utils"
		},
		"description": "Common Servlet File"
	}, 
	{
		"path": "/sap/opu/odata/ARTEC/PCGW/",
		"target": {
			"type": "destination",
			"name": "pcgw"
		},
		"description": "Partner Common Services"
	},
	{
		"path": "/sap/bc/ui5_ui5/ARTEC/SSUTIL/",
		"target": {
			"type": "destination",
			"name": "ssutil"
		},
		"description": "PPS Common utils files(js, css & i18n)"
	},
	{
		"path": "/sap/bc/ui5_ui5/ARTEC/PPCUTIL/",
		"target": {
			"type": "destination",
			"name": "ppcutil"
		},
		"description": "Common utils files(js, css & i18n)"
	}, 
	{
		"path": "/sap/opu/odata/ARTEC/PUGW/",
		"target": {
			"type": "destination",
			"name": "pugw"
		},
		"description": "User Common Services"
	}, 
	{
		"path": "/resources",
		"target": {
			"type": "service",
			"name": "sapui5",
			"entryPath": "/resources"
		},
		"description": "SAPUI5 Resources"
	}, {
		"path": "/test-resources",
		"target": {
			"type": "service",
			"name": "sapui5",
			"entryPath": "/test-resources"
		},
		"description": "SAPUI5 Resources"
	}, {
		"path": "/webapp/resources",
		"target": {
			"type": "service",
			"name": "sapui5",
			"entryPath": "/resources"
		},
		"description": "SAPUI5 Resources"
	}, {
		"path": "/webapp/test-resources",
		"target": {
			"type": "service",
			"name": "sapui5",
			"entryPath": "/test-resources"
		},
		"description": "SAPUI5 Test Resources"
	}],
	"sendWelcomeFileRedirect": true,
	"securityConstraints": [{
		"permission": "AccessApp",
		"description": "Access Application: sfso",
		"protectedPaths": [
			"/"
		]
	}, {
		"permission": "AccessApplicationDescriptor",
		"description": "Access application descriptor",
		"protectedPaths": [
			"/neo-app.json"
		]
	}],
	"cacheControl": []
}